id,title,ico,desc,type,level,kind,stackSet,stackMax,delay,accum,checkSet,cTerm,cSubTerm,cValue,cMax,affect,a_aTo_1,a_aFrom_1,a_aInt_1,a_aFloat_1,a_aTo_2,a_aFrom_2,a_aInt_2,a_aFloat_2,a_aTo_3,a_aFrom_3,a_aInt_3,a_aFloat_3,dura,max,checkFx,affectFx,lastFx,overFx
*uint,string,int,string,!BuffType,uint,uint,!BuffStackSet,uint,float,bool,!BuffCheckSet,!CsvKey,!CsvKey,uint,uint,!BuffAffect,!CsvKey[],!CsvKey[],int[],float[],-,-,-,-,-,-,-,-,float,uint,uint,uint,uint,uint
#ID,名称,图标,描述,类型,等级,种类,叠加设置,堆叠数,生效延迟,是否累计伤害,检查时机,主条件,次条件,条件值,需检查次数,效果,影响目标1,影响来源1,影响整数1,影响小数1,影响目标2,影响来源2,影响整数2,影响小数2,影响目标3,影响来源3,影响整数3,影响小数3,持续时间,最大触发次数,触发特效,激活特效,持续特效,结束特效
10000,血少防高,1671006,濒死防御LV1,0,1,1,2,,,,,,,,,Buff,pdef,dhp,100,0.22,,,,,,,,,5,,,,,
10001,血少防高,1671006,濒死防御LV2,0,2,1,2,,,,,,,,,Buff,pdef,dhp,200,0.24,,,,,,,,,5,,,,,
10002,血少防高,1671006,濒死防御LV3,0,3,1,2,,,,,,,,,Buff,pdef,dhp,300,0.26,,,,,,,,,5,,,,,
10003,血少防高,1671006,濒死防御LV4,0,4,1,2,,,,,,,,,Buff,pdef,dhp,400,0.28,,,,,,,,,5,,,,,
10004,血少防高,1671006,濒死防御LV5,0,5,1,2,,,,,,,,,Buff,pdef,dhp,500,0.3,,,,,,,,,5,,,,,
10005,血少防高,1671006,濒死防御LV6,0,6,1,2,,,,,,,,,Buff,pdef,dhp,600,0.32,,,,,,,,,5,,,,,
10006,血少防高,1671006,濒死防御LV7,0,7,1,2,,,,,,,,,Buff,pdef,dhp,700,0.34,,,,,,,,,5,,,,,
10007,血少防高,1671006,濒死防御LV8,0,8,1,2,,,,,,,,,Buff,pdef,dhp,800,0.36,,,,,,,,,5,,,,,
10008,血少防高,1671006,濒死防御LV9,0,9,1,2,,,,,,,,,Buff,pdef,dhp,900,0.38,,,,,,,,,5,,,,,
10009,血少防高,1671006,濒死防御LV10,0,10,1,2,,,,,,,,,Buff,pdef,dhp,1000,0.4,,,,,,,,,5,,,,,
10100,圣骑加技攻,1671007,骑士技艺爆发LV1,0,1,2,2,,,,,,,,,Buff,matk,matk,0,0.065,,,,,,,,,5,,,,,
10101,圣骑加技攻,1671007,骑士技艺爆发LV2,0,2,2,2,,,,,,,,,Buff,matk,matk,0,0.08,,,,,,,,,5,,,,,
10102,圣骑加技攻,1671007,骑士技艺爆发LV3,0,3,2,2,,,,,,,,,Buff,matk,matk,0,0.095,,,,,,,,,5,,,,,
10103,圣骑加技攻,1671007,骑士技艺爆发LV4,0,4,2,2,,,,,,,,,Buff,matk,matk,0,0.11,,,,,,,,,5,,,,,
10104,圣骑加技攻,1671007,骑士技艺爆发LV5,0,5,2,2,,,,,,,,,Buff,matk,matk,0,0.125,,,,,,,,,5,,,,,
10105,圣骑加技攻,1671007,骑士技艺爆发LV6,0,6,2,2,,,,,,,,,Buff,matk,matk,0,0.14,,,,,,,,,5,,,,,
10106,圣骑加技攻,1671007,骑士技艺爆发LV7,0,7,2,2,,,,,,,,,Buff,matk,matk,0,0.155,,,,,,,,,5,,,,,
10107,圣骑加技攻,1671007,骑士技艺爆发LV8,0,8,2,2,,,,,,,,,Buff,matk,matk,0,0.17,,,,,,,,,5,,,,,
10108,圣骑加技攻,1671007,骑士技艺爆发LV9,0,9,2,2,,,,,,,,,Buff,matk,matk,0,0.185,,,,,,,,,5,,,,,
10109,圣骑加技攻,1671007,骑士技艺爆发LV10,0,10,2,2,,,,,,,,,Buff,matk,matk,0,0.2,,,,,,,,,5,,,,,
10200,增加韧性,1671010,增加自身韧性,1,1,7,2,,,,,,,,,Buff,parry,parry,50,0,,,,,,,,,5,,,,,
10201,增加韧性,1671010,增加自身韧性,1,2,7,2,,,,,,,,,Buff,parry,parry,100,0,,,,,,,,,5,,,,,
10202,增加韧性,1671010,增加自身韧性,1,3,7,2,,,,,,,,,Buff,parry,parry,150,0,,,,,,,,,5,,,,,
10203,增加韧性,1671010,增加自身韧性,1,4,7,2,,,,,,,,,Buff,parry,parry,200,0,,,,,,,,,5,,,,,
10204,增加韧性,1671010,增加自身韧性,1,5,7,2,,,,,,,,,Buff,parry,parry,250,0,,,,,,,,,5,,,,,
10205,增加韧性,1671010,增加自身韧性,1,6,7,2,,,,,,,,,Buff,parry,parry,300,0,,,,,,,,,5,,,,,
10206,增加韧性,1671010,增加自身韧性,1,7,7,2,,,,,,,,,Buff,parry,parry,350,0,,,,,,,,,5,,,,,
10207,增加韧性,1671010,增加自身韧性,1,8,7,2,,,,,,,,,Buff,parry,parry,400,0,,,,,,,,,5,,,,,
10208,增加韧性,1671010,增加自身韧性,1,9,7,2,,,,,,,,,Buff,parry,parry,450,0,,,,,,,,,5,,,,,
10209,增加韧性,1671010,增加自身韧性,1,10,7,2,,,,,,,,,Buff,parry,parry,500,0,,,,,,,,,5,,,,,
10300,降低普攻,,降低对方普攻,2,1,55,2,,,,,,,,,Buff,patk,patk,0,-0.065,,,,,,,,,5,,,,3010,
10301,降低普攻,,降低对方普攻,2,2,55,2,,,,,,,,,Buff,patk,patk,0,-0.08,,,,,,,,,5,,,,3010,
10302,降低普攻,,降低对方普攻,2,3,55,2,,,,,,,,,Buff,patk,patk,0,-0.095,,,,,,,,,5,,,,3010,
10303,降低普攻,,降低对方普攻,2,4,55,2,,,,,,,,,Buff,patk,patk,0,-0.11,,,,,,,,,5,,,,3010,
10304,降低普攻,,降低对方普攻,2,5,55,2,,,,,,,,,Buff,patk,patk,0,-0.125,,,,,,,,,5,,,,3010,
10305,降低普攻,,降低对方普攻,2,6,55,2,,,,,,,,,Buff,patk,patk,0,-0.14,,,,,,,,,5,,,,3010,
10306,降低普攻,,降低对方普攻,2,7,55,2,,,,,,,,,Buff,patk,patk,0,-0.155,,,,,,,,,5,,,,3010,
10307,降低普攻,,降低对方普攻,2,8,55,2,,,,,,,,,Buff,patk,patk,0,-0.17,,,,,,,,,5,,,,3010,
10308,降低普攻,,降低对方普攻,2,9,55,2,,,,,,,,,Buff,patk,patk,0,-0.185,,,,,,,,,5,,,,3010,
10309,降低普攻,,降低对方普攻,2,10,55,2,,,,,,,,,Buff,patk,patk,0,-0.2,,,,,,,,,5,,,,3010,
10400,减移动速度,1672013,减缓13%移动速度,2,1,5,2,,,,,,,,,Buff,speed,speed,0,-0.13,,,,,,,,,1.1,,,,3007,
10401,减移动速度,1672013,减缓16%移动速度,2,2,5,2,,,,,,,,,Buff,speed,speed,0,-0.16,,,,,,,,,1.2,,,,3007,
10402,减移动速度,1672013,减缓19%移动速度,2,3,5,2,,,,,,,,,Buff,speed,speed,0,-0.19,,,,,,,,,1.3,,,,3007,
10403,减移动速度,1672013,减缓22%移动速度,2,4,5,2,,,,,,,,,Buff,speed,speed,0,-0.22,,,,,,,,,1.4,,,,3007,
10404,减移动速度,1672013,减缓25%移动速度,2,5,5,2,,,,,,,,,Buff,speed,speed,0,-0.25,,,,,,,,,1.5,,,,3007,
10405,减移动速度,1672013,减缓28%移动速度,2,6,5,2,,,,,,,,,Buff,speed,speed,0,-0.28,,,,,,,,,1.6,,,,3007,
10406,减移动速度,1672013,减缓31%移动速度,2,7,5,2,,,,,,,,,Buff,speed,speed,0,-0.31,,,,,,,,,1.7,,,,3007,
10407,减移动速度,1672013,减缓34%移动速度,2,8,5,2,,,,,,,,,Buff,speed,speed,0,-0.34,,,,,,,,,1.8,,,,3007,
10408,减移动速度,1672013,减缓37%移动速度,2,9,5,2,,,,,,,,,Buff,speed,speed,0,-0.37,,,,,,,,,1.9,,,,3007,
10409,减移动速度,1672013,减缓40%移动速度,2,10,5,2,,,,,,,,,Buff,speed,speed,0,-0.4,,,,,,,,,2,,,,3007,
10500,降低敌方技防,1672008,6.5%技防↓,2,1,58,2,,,,,,,,,Buff,mdef,mdef,0,-0.065,,,,,,,,,3.3,,,,3010,
10501,降低敌方技防,1672008,8%技防↓,2,2,58,2,,,,,,,,,Buff,mdef,mdef,0,-0.08,,,,,,,,,3.6,,,,3010,
10502,降低敌方技防,1672008,9.5%技防↓,2,3,58,2,,,,,,,,,Buff,mdef,mdef,0,-0.095,,,,,,,,,3.9,,,,3010,
10503,降低敌方技防,1672008,11%技防↓,2,4,58,2,,,,,,,,,Buff,mdef,mdef,0,-0.11,,,,,,,,,4.2,,,,3010,
10504,降低敌方技防,1672008,12.5%技防↓,2,5,58,2,,,,,,,,,Buff,mdef,mdef,0,-0.125,,,,,,,,,4.5,,,,3010,
10505,降低敌方技防,1672008,14%技防↓,2,6,58,2,,,,,,,,,Buff,mdef,mdef,0,-0.14,,,,,,,,,4.8,,,,3010,
10506,降低敌方技防,1672008,15.5%技防↓,2,7,58,2,,,,,,,,,Buff,mdef,mdef,0,-0.155,,,,,,,,,5.1,,,,3010,
10507,降低敌方技防,1672008,17%技防↓,2,8,58,2,,,,,,,,,Buff,mdef,mdef,0,-0.17,,,,,,,,,5.4,,,,3010,
10508,降低敌方技防,1672008,18.5%技防↓,2,9,58,2,,,,,,,,,Buff,mdef,mdef,0,-0.185,,,,,,,,,5.7,,,,3010,
10509,降低敌方技防,1672008,20%技防↓,2,10,58,2,,,,,,,,,Buff,mdef,mdef,0,-0.2,,,,,,,,,6,,,,3010,
10600,圣骑无双破霸体,-1,圣骑无双技破霸体,1,1,106,0,,,,,,,,,State,BreakArmor,,,,,,,,,,,,7.6,,,,,
20000,血少暴高,1671009,濒死暴击LV1,0,1,11,2,,,,,,,,,Buff,crit,dhp,10,0.011,,,,,,,,,5,,,,,
20001,血少暴高,1671009,濒死暴击LV2,0,2,11,2,,,,,,,,,Buff,crit,dhp,20,0.012,,,,,,,,,5,,,,,
20002,血少暴高,1671009,濒死暴击LV3,0,3,11,2,,,,,,,,,Buff,crit,dhp,30,0.013,,,,,,,,,5,,,,,
20003,血少暴高,1671009,濒死暴击LV4,0,4,11,2,,,,,,,,,Buff,crit,dhp,40,0.014,,,,,,,,,5,,,,,
20004,血少暴高,1671009,濒死暴击LV5,0,5,11,2,,,,,,,,,Buff,crit,dhp,50,0.015,,,,,,,,,5,,,,,
20005,血少暴高,1671009,濒死暴击LV6,0,6,11,2,,,,,,,,,Buff,crit,dhp,60,0.016,,,,,,,,,5,,,,,
20006,血少暴高,1671009,濒死暴击LV7,0,7,11,2,,,,,,,,,Buff,crit,dhp,70,0.017,,,,,,,,,5,,,,,
20007,血少暴高,1671009,濒死暴击LV8,0,8,11,2,,,,,,,,,Buff,crit,dhp,80,0.018,,,,,,,,,5,,,,,
20008,血少暴高,1671009,濒死暴击LV9,0,9,11,2,,,,,,,,,Buff,crit,dhp,90,0.019,,,,,,,,,5,,,,,
20009,血少暴高,1671009,濒死暴击LV10,0,10,11,2,,,,,,,,,Buff,crit,dhp,100,0.02,,,,,,,,,5,,,,,
20100,魔剑加技攻,1671007,魔剑技艺LV1,0,1,2,2,,,,,,,,,Buff,matk,matk,0,0.065,,,,,,,,,5,,,,,
20101,魔剑加技攻,1671007,魔剑技艺LV2,0,2,2,2,,,,,,,,,Buff,matk,matk,0,0.08,,,,,,,,,5,,,,,
20102,魔剑加技攻,1671007,魔剑技艺LV3,0,3,2,2,,,,,,,,,Buff,matk,matk,0,0.095,,,,,,,,,5,,,,,
20103,魔剑加技攻,1671007,魔剑技艺LV4,0,4,2,2,,,,,,,,,Buff,matk,matk,0,0.11,,,,,,,,,5,,,,,
20104,魔剑加技攻,1671007,魔剑技艺LV5,0,5,2,2,,,,,,,,,Buff,matk,matk,0,0.125,,,,,,,,,5,,,,,
20105,魔剑加技攻,1671007,魔剑技艺LV6,0,6,2,2,,,,,,,,,Buff,matk,matk,0,0.14,,,,,,,,,5,,,,,
20106,魔剑加技攻,1671007,魔剑技艺LV7,0,7,2,2,,,,,,,,,Buff,matk,matk,0,0.155,,,,,,,,,5,,,,,
20107,魔剑加技攻,1671007,魔剑技艺LV8,0,8,2,2,,,,,,,,,Buff,matk,matk,0,0.17,,,,,,,,,5,,,,,
20108,魔剑加技攻,1671007,魔剑技艺LV9,0,9,2,2,,,,,,,,,Buff,matk,matk,0,0.185,,,,,,,,,5,,,,,
20109,魔剑加技攻,1671007,魔剑技艺LV10,0,10,2,2,,,,,,,,,Buff,matk,matk,0,0.2,,,,,,,,,5,,,,,
20200,毒buff,1673003,毒素侵蚀，生命持续流失,2,1,9,2,,,,Time,every,,1000,,FeedBack,hp,matk,-100,-0.055,,,,,,,,,5,,,,3012,
20201,毒buff,1673003,毒素侵蚀，生命持续流失,2,2,9,2,,,,Time,every,,1000,,FeedBack,hp,matk,-100,-0.06,,,,,,,,,5,,,,3012,
20202,毒buff,1673003,毒素侵蚀，生命持续流失,2,3,9,2,,,,Time,every,,1000,,FeedBack,hp,matk,-100,-0.065,,,,,,,,,5,,,,3012,
20203,毒buff,1673003,毒素侵蚀，生命持续流失,2,4,9,2,,,,Time,every,,1000,,FeedBack,hp,matk,-100,-0.07,,,,,,,,,5,,,,3012,
20204,毒buff,1673003,毒素侵蚀，生命持续流失,2,5,9,2,,,,Time,every,,1000,,FeedBack,hp,matk,-100,-0.075,,,,,,,,,5,,,,3012,
20205,毒buff,1673003,毒素侵蚀，生命持续流失,2,6,9,2,,,,Time,every,,1000,,FeedBack,hp,matk,-100,-0.08,,,,,,,,,5,,,,3012,
20206,毒buff,1673003,毒素侵蚀，生命持续流失,2,7,9,2,,,,Time,every,,1000,,FeedBack,hp,matk,-100,-0.085,,,,,,,,,5,,,,3012,
20207,毒buff,1673003,毒素侵蚀，生命持续流失,2,8,9,2,,,,Time,every,,1000,,FeedBack,hp,matk,-100,-0.09,,,,,,,,,5,,,,3012,
20208,毒buff,1673003,毒素侵蚀，生命持续流失,2,9,9,2,,,,Time,every,,1000,,FeedBack,hp,matk,-100,-0.095,,,,,,,,,5,,,,3012,
20209,毒buff,1673003,毒素侵蚀，生命持续流失,2,10,9,2,,,,Time,every,,1000,,FeedBack,hp,matk,-100,-0.1,,,,,,,,,5,,,,3012,
20300,减移动速度,1672013,减缓23%移动速度,2,1,5,2,,,,,,,,,Buff,speed,speed,0,-0.23,,,,,,,,,3.2,,,,3007,
20301,减移动速度,1672013,减缓26%移动速度,2,2,5,2,,,,,,,,,Buff,speed,speed,0,-0.26,,,,,,,,,3.4,,,,3007,
20302,减移动速度,1672013,减缓29%移动速度,2,3,5,2,,,,,,,,,Buff,speed,speed,0,-0.29,,,,,,,,,3.6,,,,3007,
20303,减移动速度,1672013,减缓32%移动速度,2,4,5,2,,,,,,,,,Buff,speed,speed,0,-0.32,,,,,,,,,3.8,,,,3007,
20304,减移动速度,1672013,减缓35%移动速度,2,5,5,2,,,,,,,,,Buff,speed,speed,0,-0.35,,,,,,,,,4,,,,3007,
20305,减移动速度,1672013,减缓38%移动速度,2,6,5,2,,,,,,,,,Buff,speed,speed,0,-0.38,,,,,,,,,4.2,,,,3007,
20306,减移动速度,1672013,减缓41%移动速度,2,7,5,2,,,,,,,,,Buff,speed,speed,0,-0.41,,,,,,,,,4.4,,,,3007,
20307,减移动速度,1672013,减缓44%移动速度,2,8,5,2,,,,,,,,,Buff,speed,speed,0,-0.44,,,,,,,,,4.6,,,,3007,
20308,减移动速度,1672013,减缓47%移动速度,2,9,5,2,,,,,,,,,Buff,speed,speed,0,-0.47,,,,,,,,,4.8,,,,3007,
20309,减移动速度,1672013,减缓50%移动速度,2,10,5,2,,,,,,,,,Buff,speed,speed,0,-0.5,,,,,,,,,5,,,,3007,
20400,减敌韧性,1672010,韧性50↓,2,1,15,2,,,,,,,,,Buff,parry,parry,50,0,,,,,,,,,3.2,,,,3010,
20401,减敌韧性,1672010,韧性100↓,2,2,15,2,,,,,,,,,Buff,parry,parry,100,0,,,,,,,,,3.4,,,,3010,
20402,减敌韧性,1672010,韧性150↓,2,3,15,2,,,,,,,,,Buff,parry,parry,150,0,,,,,,,,,3.6,,,,3010,
20403,减敌韧性,1672010,韧性200↓,2,4,15,2,,,,,,,,,Buff,parry,parry,200,0,,,,,,,,,3.8,,,,3010,
20404,减敌韧性,1672010,韧性250↓,2,5,15,2,,,,,,,,,Buff,parry,parry,250,0,,,,,,,,,4,,,,3010,
20405,减敌韧性,1672010,韧性300↓,2,6,15,2,,,,,,,,,Buff,parry,parry,300,0,,,,,,,,,4.2,,,,3010,
20406,减敌韧性,1672010,韧性350↓,2,7,15,2,,,,,,,,,Buff,parry,parry,350,0,,,,,,,,,4.4,,,,3010,
20407,减敌韧性,1672010,韧性400↓,2,8,15,2,,,,,,,,,Buff,parry,parry,400,0,,,,,,,,,4.6,,,,3010,
20408,减敌韧性,1672010,韧性450↓,2,9,15,2,,,,,,,,,Buff,parry,parry,450,0,,,,,,,,,4.8,,,,3010,
20409,减敌韧性,1672010,韧性500↓,2,10,15,2,,,,,,,,,Buff,parry,parry,500,0,,,,,,,,,5,,,,3010,
20500,减自身CD,1671005,减自身0.5秒CD,2,1,,,,,,,,,,,LessCd,skill,id,2214,0.5,,,,,,,,,0,,,,3007,
20501,减自身CD,1671006,减自身1秒CD,2,2,,,,,,,,,,,LessCd,skill,id,2214,1,,,,,,,,,0,,,,3007,
20502,减自身CD,1671007,减自身1.5秒CD,2,3,,,,,,,,,,,LessCd,skill,id,2214,1.5,,,,,,,,,0,,,,3007,
20503,减自身CD,1671008,减自身2秒CD,2,4,,,,,,,,,,,LessCd,skill,id,2214,2,,,,,,,,,0,,,,3007,
20504,减自身CD,1671009,减自身2.5秒CD,2,5,,,,,,,,,,,LessCd,skill,id,2214,2.5,,,,,,,,,0,,,,3007,
20505,减自身CD,1671010,减自身3秒CD,2,6,,,,,,,,,,,LessCd,skill,id,2214,3,,,,,,,,,0,,,,3007,
20506,减自身CD,1671011,减自身3.5秒CD,2,7,,,,,,,,,,,LessCd,skill,id,2214,3.5,,,,,,,,,0,,,,3007,
20507,减自身CD,1671012,减自身4秒CD,2,8,,,,,,,,,,,LessCd,skill,id,2214,4,,,,,,,,,0,,,,3007,
20508,减自身CD,1671013,减自身4.5秒CD,2,9,,,,,,,,,,,LessCd,skill,id,2214,4.5,,,,,,,,,0,,,,3007,
20509,减自身CD,1672001,减自身5秒CD,2,10,,,,,,,,,,,LessCd,skill,id,2214,5,,,,,,,,,0,,,,3007,
20600,减敌技防,1671005,6.5%技防↓,2,1,16,2,,,,,,,,,Buff,mdef,mdef,0,-0.065,,,,,,,,,3.2,,,,3010,
20601,减敌技防,1671006,8%技防↓,2,2,16,2,,,,,,,,,Buff,mdef,mdef,0,-0.08,,,,,,,,,3.4,,,,3010,
20602,减敌技防,1671007,9.5%技防↓,2,3,16,2,,,,,,,,,Buff,mdef,mdef,0,-0.095,,,,,,,,,3.6,,,,3010,
20603,减敌技防,1671008,11%技防↓,2,4,16,2,,,,,,,,,Buff,mdef,mdef,0,-0.11,,,,,,,,,3.8,,,,3010,
20604,减敌技防,1671009,12.5%技防↓,2,5,16,2,,,,,,,,,Buff,mdef,mdef,0,-0.125,,,,,,,,,4,,,,3010,
20605,减敌技防,1671010,14%技防↓,2,6,16,2,,,,,,,,,Buff,mdef,mdef,0,-0.14,,,,,,,,,4.2,,,,3010,
20606,减敌技防,1671011,15.5%技防↓,2,7,16,2,,,,,,,,,Buff,mdef,mdef,0,-0.155,,,,,,,,,4.4,,,,3010,
20607,减敌技防,1671012,17%技防↓,2,8,16,2,,,,,,,,,Buff,mdef,mdef,0,-0.17,,,,,,,,,4.6,,,,3010,
20608,减敌技防,1671013,18.5%技防↓,2,9,16,2,,,,,,,,,Buff,mdef,mdef,0,-0.185,,,,,,,,,4.8,,,,3010,
20609,减敌技防,1672001,20%技防↓,2,10,16,2,,,,,,,,,Buff,mdef,mdef,0,-0.2,,,,,,,,,5,,,,3010,
20700,魔剑无双破霸体,-1,魔剑无双技破霸体,1,1,106,0,,,,,,,,,State,BreakArmor,,,,,,,,,,,,6.7,,,,,
30000,血少攻高,1671005,濒死强攻LV1,0,1,21,2,,,,,,,,,Buff,patk,dhp,50,0.055,,,,,,,,,5,,,,,
30001,血少攻高,1671005,濒死强攻LV2,0,2,21,2,,,,,,,,,Buff,patk,dhp,100,0.06,,,,,,,,,5,,,,,
30002,血少攻高,1671005,濒死强攻LV3,0,3,21,2,,,,,,,,,Buff,patk,dhp,150,0.065,,,,,,,,,5,,,,,
30003,血少攻高,1671005,濒死强攻LV4,0,4,21,2,,,,,,,,,Buff,patk,dhp,200,0.07,,,,,,,,,5,,,,,
30004,血少攻高,1671005,濒死强攻LV5,0,5,21,2,,,,,,,,,Buff,patk,dhp,250,0.075,,,,,,,,,5,,,,,
30005,血少攻高,1671005,濒死强攻LV6,0,6,21,2,,,,,,,,,Buff,patk,dhp,300,0.08,,,,,,,,,5,,,,,
30006,血少攻高,1671005,濒死强攻LV7,0,7,21,2,,,,,,,,,Buff,patk,dhp,350,0.085,,,,,,,,,5,,,,,
30007,血少攻高,1671005,濒死强攻LV8,0,8,21,2,,,,,,,,,Buff,patk,dhp,400,0.09,,,,,,,,,5,,,,,
30008,血少攻高,1671005,濒死强攻LV9,0,9,21,2,,,,,,,,,Buff,patk,dhp,450,0.095,,,,,,,,,5,,,,,
30009,血少攻高,1671005,濒死强攻LV10,0,10,21,2,,,,,,,,,Buff,patk,dhp,500,0.1,,,,,,,,,5,,,,,
30100,狂战加技攻,1671007,狂战技艺LV1,0,1,2,2,,,,,,,,,Buff,matk,matk,0,0.065,,,,,,,,,5,,,,,
30101,狂战加技攻,1671007,狂战技艺LV2,0,2,2,2,,,,,,,,,Buff,matk,matk,0,0.08,,,,,,,,,5,,,,,
30102,狂战加技攻,1671007,狂战技艺LV3,0,3,2,2,,,,,,,,,Buff,matk,matk,0,0.095,,,,,,,,,5,,,,,
30103,狂战加技攻,1671007,狂战技艺LV4,0,4,2,2,,,,,,,,,Buff,matk,matk,0,0.11,,,,,,,,,5,,,,,
30104,狂战加技攻,1671007,狂战技艺LV5,0,5,2,2,,,,,,,,,Buff,matk,matk,0,0.125,,,,,,,,,5,,,,,
30105,狂战加技攻,1671007,狂战技艺LV6,0,6,2,2,,,,,,,,,Buff,matk,matk,0,0.14,,,,,,,,,5,,,,,
30106,狂战加技攻,1671007,狂战技艺LV7,0,7,2,2,,,,,,,,,Buff,matk,matk,0,0.155,,,,,,,,,5,,,,,
30107,狂战加技攻,1671007,狂战技艺LV8,0,8,2,2,,,,,,,,,Buff,matk,matk,0,0.17,,,,,,,,,5,,,,,
30108,狂战加技攻,1671007,狂战技艺LV9,0,9,2,2,,,,,,,,,Buff,matk,matk,0,0.185,,,,,,,,,5,,,,,
30109,狂战加技攻,1671007,狂战技艺LV10,0,10,2,2,,,,,,,,,Buff,matk,matk,0,0.2,,,,,,,,,5,,,,,
30200,降低普防,1672006,降低自身普防,2,1,57,2,,,,,,,,,Buff,pdef,pdef,0,-0.1,,,,,,,,,5,,,,3010,
30201,降低普防,1672006,降低自身普防,2,2,57,2,,,,,,,,,Buff,pdef,pdef,0,-0.1,,,,,,,,,5,,,,3010,
30202,降低普防,1672006,降低自身普防,2,3,57,2,,,,,,,,,Buff,pdef,pdef,0,-0.1,,,,,,,,,5,,,,3010,
30203,降低普防,1672006,降低自身普防,2,4,57,2,,,,,,,,,Buff,pdef,pdef,0,-0.1,,,,,,,,,5,,,,3010,
30204,降低普防,1672006,降低自身普防,2,5,57,2,,,,,,,,,Buff,pdef,pdef,0,-0.1,,,,,,,,,5,,,,3010,
30205,降低普防,1672006,降低自身普防,2,6,57,2,,,,,,,,,Buff,pdef,pdef,0,-0.1,,,,,,,,,5,,,,3010,
30206,降低普防,1672006,降低自身普防,2,7,57,2,,,,,,,,,Buff,pdef,pdef,0,-0.1,,,,,,,,,5,,,,3010,
30207,降低普防,1672006,降低自身普防,2,8,57,2,,,,,,,,,Buff,pdef,pdef,0,-0.1,,,,,,,,,5,,,,3010,
30208,降低普防,1672006,降低自身普防,2,9,57,2,,,,,,,,,Buff,pdef,pdef,0,-0.1,,,,,,,,,5,,,,3010,
30209,降低普防,1672006,降低自身普防,2,10,57,2,,,,,,,,,Buff,pdef,pdef,0,-0.1,,,,,,,,,5,,,,3010,
30300,增加普攻,1671005,增加自身普攻,0,1,51,2,,,,,,,,,Buff,patk,patk,0,0.12,,,,,,,,,5,,,,3018,
30301,增加普攻,1671005,增加自身普攻,0,2,51,2,,,,,,,,,Buff,patk,patk,0,0.14,,,,,,,,,5,,,,3018,
30302,增加普攻,1671005,增加自身普攻,0,3,51,2,,,,,,,,,Buff,patk,patk,0,0.16,,,,,,,,,5,,,,3018,
30303,增加普攻,1671005,增加自身普攻,0,4,51,2,,,,,,,,,Buff,patk,patk,0,0.18,,,,,,,,,5,,,,3018,
30304,增加普攻,1671005,增加自身普攻,0,5,51,2,,,,,,,,,Buff,patk,patk,0,0.2,,,,,,,,,5,,,,3018,
30305,增加普攻,1671005,增加自身普攻,0,6,51,2,,,,,,,,,Buff,patk,patk,0,0.22,,,,,,,,,5,,,,3018,
30306,增加普攻,1671005,增加自身普攻,0,7,51,2,,,,,,,,,Buff,patk,patk,0,0.24,,,,,,,,,5,,,,3018,
30307,增加普攻,1671005,增加自身普攻,0,8,51,2,,,,,,,,,Buff,patk,patk,0,0.26,,,,,,,,,5,,,,3018,
30308,增加普攻,1671005,增加自身普攻,0,9,51,2,,,,,,,,,Buff,patk,patk,0,0.28,,,,,,,,,5,,,,3018,
30309,增加普攻,1671005,增加自身普攻,0,10,51,2,,,,,,,,,Buff,patk,patk,0,0.3,,,,,,,,,5,,,,3018,
30400,沉默buff,1673002,沉默LV1,2,1,25,2,,,,,,,,,State,Silence,,,,,,,,,,,,2.2,,,,3013,
30401,沉默buff,1673002,沉默LV2,2,2,25,2,,,,,,,,,State,Silence,,,,,,,,,,,,2.4,,,,3013,
30402,沉默buff,1673002,沉默LV3,2,3,25,2,,,,,,,,,State,Silence,,,,,,,,,,,,2.6,,,,3013,
30403,沉默buff,1673002,沉默LV4,2,4,25,2,,,,,,,,,State,Silence,,,,,,,,,,,,2.8,,,,3013,
30404,沉默buff,1673002,沉默LV5,2,5,25,2,,,,,,,,,State,Silence,,,,,,,,,,,,3,,,,3013,
30405,沉默buff,1673002,沉默LV6,2,6,25,2,,,,,,,,,State,Silence,,,,,,,,,,,,3.2,,,,3013,
30406,沉默buff,1673002,沉默LV7,2,7,25,2,,,,,,,,,State,Silence,,,,,,,,,,,,3.4,,,,3013,
30407,沉默buff,1673002,沉默LV8,2,8,25,2,,,,,,,,,State,Silence,,,,,,,,,,,,3.6,,,,3013,
30408,沉默buff,1673002,沉默LV9,2,9,25,2,,,,,,,,,State,Silence,,,,,,,,,,,,3.8,,,,3013,
30409,沉默buff,1673002,沉默LV10,2,10,25,2,,,,,,,,,State,Silence,,,,,,,,,,,,4,,,,3013,
30500,提高移动速度,1671013,13%移动速度↑,1,1,26,2,,,,,,,,,Buff,speed,speed,0,0.13,,,,,,,,,1.65,,,,3006,
30501,提高移动速度,1671013,16%移动速度↑,1,2,26,2,,,,,,,,,Buff,speed,speed,0,0.16,,,,,,,,,1.8,,,,3006,
30502,提高移动速度,1671013,19%移动速度↑,1,3,26,2,,,,,,,,,Buff,speed,speed,0,0.19,,,,,,,,,1.95,,,,3006,
30503,提高移动速度,1671013,22%移动速度↑,1,4,26,2,,,,,,,,,Buff,speed,speed,0,0.22,,,,,,,,,2.1,,,,3006,
30504,提高移动速度,1671013,25%移动速度↑,1,5,26,2,,,,,,,,,Buff,speed,speed,0,0.25,,,,,,,,,2.25,,,,3006,
30505,提高移动速度,1671013,28%移动速度↑,1,6,26,2,,,,,,,,,Buff,speed,speed,0,0.28,,,,,,,,,2.4,,,,3006,
30506,提高移动速度,1671013,31%移动速度↑,1,7,26,2,,,,,,,,,Buff,speed,speed,0,0.31,,,,,,,,,2.55,,,,3006,
30507,提高移动速度,1671013,34%移动速度↑,1,8,26,2,,,,,,,,,Buff,speed,speed,0,0.34,,,,,,,,,2.7,,,,3006,
30508,提高移动速度,1671013,37%移动速度↑,1,9,26,2,,,,,,,,,Buff,speed,speed,0,0.37,,,,,,,,,2.85,,,,3006,
30509,提高移动速度,1671013,40%移动速度↑,1,10,26,2,,,,,,,,,Buff,speed,speed,0,0.4,,,,,,,,,3,,,,3006,
30600,狂战无双破霸体,-1,狂战无双技破霸体,1,1,106,0,,,,,,,,,State,BreakArmor,,,,,,,,,,,,8,,,,,
30700,伤害回血,1671005,造成伤害时同时回血,0,1,30,2,,,,,,,,,FeedBack,hp,matk,0,0.065,,,,,,,,,1.8,,,,,
30701,伤害回血,1671005,造成伤害时同时回血,0,2,30,2,,,,,,,,,FeedBack,hp,matk,0,0.08,,,,,,,,,1.8,,,,,
30702,伤害回血,1671005,造成伤害时同时回血,0,3,30,2,,,,,,,,,FeedBack,hp,matk,0,0.095,,,,,,,,,1.8,,,,,
30703,伤害回血,1671005,造成伤害时同时回血,0,4,30,2,,,,,,,,,FeedBack,hp,matk,0,0.11,,,,,,,,,1.8,,,,,
30704,伤害回血,1671005,造成伤害时同时回血,0,5,30,2,,,,,,,,,FeedBack,hp,matk,0,0.125,,,,,,,,,1.8,,,,,
30705,伤害回血,1671005,造成伤害时同时回血,0,6,30,2,,,,,,,,,FeedBack,hp,matk,0,0.14,,,,,,,,,1.8,,,,,
30706,伤害回血,1671005,造成伤害时同时回血,0,7,30,2,,,,,,,,,FeedBack,hp,matk,0,0.155,,,,,,,,,1.8,,,,,
30707,伤害回血,1671005,造成伤害时同时回血,0,8,30,2,,,,,,,,,FeedBack,hp,matk,0,0.17,,,,,,,,,1.8,,,,,
30708,伤害回血,1671005,造成伤害时同时回血,0,9,30,2,,,,,,,,,FeedBack,hp,matk,0,0.185,,,,,,,,,1.8,,,,,
30709,伤害回血,1671005,造成伤害时同时回血,0,10,30,2,,,,,,,,,FeedBack,hp,matk,0,0.2,,,,,,,,,1.8,,,,,
30800,暴击加强,1671009,增加自身暴击,2,1,25,2,,,,,,,,,Buff,crit,crit,50,0,,,,,,,,,5,,,,3011,
30801,暴击加强,1671009,增加自身暴击,2,2,25,2,,,,,,,,,Buff,crit,crit,100,0,,,,,,,,,5,,,,3011,
30802,暴击加强,1671009,增加自身暴击,2,3,25,2,,,,,,,,,Buff,crit,crit,150,0,,,,,,,,,5,,,,3011,
30803,暴击加强,1671009,增加自身暴击,2,4,25,2,,,,,,,,,Buff,crit,crit,200,0,,,,,,,,,5,,,,3011,
30804,暴击加强,1671009,增加自身暴击,2,5,25,2,,,,,,,,,Buff,crit,crit,250,0,,,,,,,,,5,,,,3011,
30805,暴击加强,1671009,增加自身暴击,2,6,25,2,,,,,,,,,Buff,crit,crit,300,0,,,,,,,,,5,,,,3011,
30806,暴击加强,1671009,增加自身暴击,2,7,25,2,,,,,,,,,Buff,crit,crit,350,0,,,,,,,,,5,,,,3011,
30807,暴击加强,1671009,增加自身暴击,2,8,25,2,,,,,,,,,Buff,crit,crit,400,0,,,,,,,,,5,,,,3011,
30808,暴击加强,1671009,增加自身暴击,2,9,25,2,,,,,,,,,Buff,crit,crit,450,0,,,,,,,,,5,,,,3011,
30809,暴击加强,1671009,增加自身暴击,2,10,25,2,,,,,,,,,Buff,crit,crit,500,0,,,,,,,,,5,,,,3011,
30900,伤害减免,-1,减免30%伤害,1,1,70,0,,,,PostHit,,,,,FeedBack,hurt,hurt,0,-0.3,,,,,,,,,2.9,,,,,
40000,主角出场血buff,-1,血buff,1,1,41,2,,,,,,,,,Buff,hpmax,hpmax,0,800,,,,,,,,,9999,,,,,
40001,主角出场普攻buff,-1,普攻buff,1,1,42,2,,,,,,,,,Buff,patk,patk,0,272,,,,,,,,,9999,,,,,
40002,主角出场防御buff,-1,普防buff,1,1,43,2,,,,,,,,,Buff,pdef,pdef,0,181,,,,,,,,,9999,,,,,
40003,雅典娜赐予血buff,-1,生命值提升,1,1,41,2,,,,,,,,,Buff,hpmax,hpmax,0,3249,,,,,,,,,9999,,,,,
40004,雅典娜赐予普攻buff,-1,普攻提升,1,1,42,2,,,,,,,,,Buff,patk,patk,0,568,,,,,,,,,9999,,,,,
40005,雅典娜赐予防御buff,-1,普防提升,1,1,43,2,,,,,,,,,Buff,pdef,pdef,0,340,,,,,,,,,9999,,,,,
40006,雅典娜赐予我力量buff,-1,技攻提升,1,1,44,2,,,,,,,,,Buff,matk,matk,0,1400,,,,,,,,,9999,,,,,
40007,主角出场技攻buff,-1,技攻buff,1,1,44,2,,,,,,,,,Buff,matk,matk,0,150,,,,,,,,,9999,,,,,
40008,沉默buff,1673002,沉默,2,1,25,2,,,,,,,,,State,Silence,,,,,,,,,,,,2.2,,,,3013,
40009,竞技场buff,-1,普防buff,2,1,45,2,,,,,,,,,Buff,pdef,pdef,0,0.2,,,,,,,,,999,,,,,
40010,竞技场buff,-1,技防buff,2,1,46,2,,,,,,,,,Buff,mdef,mdef,0,0.2,,,,,,,,,999,,,,,
40011,竞技场buff,-1,普攻buff,2,1,47,2,,,,,,,,,Buff,patk,patk,0,0.2,,,,,,,,,999,,,,,
40012,竞技场buff,-1,技攻buff,2,1,48,2,,,,,,,,,Buff,matk,matk,0,0.2,,,,,,,,,999,,,,,
60302,毒buff,1673003,毒素侵蚀，生命持续流失,2,3,9,2,,,,Time,every,,1000,,FeedBack,hp,matk,-30,-0.05,,,,,,,,,5,,,,3012,
61000,魔化,1673003,魔化,1,1,101,0,,,,,,,,,Refine,sp,none,10,0,,,,,,,,,9999,,,,3015,
61100,圣光治疗,1671001,为队友恢复一定生命值,1,1,102,2,,,,Time,every,,1000,,FeedBack,hp,matk,0,0.5,,,,,,,,,5,,,2201,,
61200,圣光圣盾,1671006,霸体状态,1,1,103,2,,,,,,,,,State,SuperArmor,,,,,,,,,,,,3,,,,,
61300,圣光圣盾,1671006,增加自己100%防御值,1,10,2,2,,,,,,,,,Buff,pdef,pdef,0,1,,,,,,,,,1,,,,3101,
61400,路西法表现Buff,1673003,魔化,1,1,104,0,,,,,,,,,State,SuperArmor,,,,,,,,,,,,9999,,,,3111,
61500,增强普通攻击防御,,增加自己100%防御值,1,10,43,0,,,,,,,,,Buff,pdef,pdef,0,2,,,,,,,,,10,,,,3014,
61600,增强技能防御,1671007,增加自己100%防御值,1,10,43,0,,,,,,,,,Buff,mdef,mdef,0,0.5,,,,,,,,,15,,,,3014,
61700,圣光圣盾,1671006,霸体状态,1,1,103,2,,,,,,,,,State,SuperArmor,,,,,,,,,,,,3,,,,,
61800,圣光圣盾,1671006,增加自己100%防御值,1,10,2,2,,,,,,,,,Buff,pdef,pdef,0,1,,,,,,,,,3,,,,3101,
61900,牵引,-1,被牵引后短时间内不能释放技能,2,1,25,2,,,,,,,,,State,Silence,,,,,,,,,,,,1,,,,,
62000,力量提升,1671007,提升技能伤害,1,1,52,2,,,,,,,,,Buff,matk,matk,0,0.5,,,,,,,,,10,,,,3018,
62100,MP恢复,1671003,为队友恢复一定魔法值,1,1,102,2,,,,,,,,,FeedBack,mp,matk,0,0.5,,,,,,,,,1,,,2201,,
62200,震慑,1672005,降低技攻,1,1,55,2,,,,,,,,,Buff,matk,matk,0,-0.2,,,,,,,,,10,,,,3018,
62300,魅惑,1672006,降低普防,1,1,57,2,,,,,,,,,Buff,pdef,pdef,0,-0.2,,,,,,,,,10,,,,3010,
62400,电磁源回血,1671001,为队友恢复一定生命值,1,1,102,2,,,,Time,every,,1000,,FeedBack,hp,matk,0,0.2,,,,,,,,,0.5,,,,,
62500,毒buff,1673003,毒素侵蚀，生命持续流失,2,1,9,2,,,,Time,every,,1000,,FeedBack,hp,matk,-30,-0.05,,,,,,,,,5,,,,3012,
62600,降低技攻,1672005,降低周围敌人10%普攻,2,1,55,2,,,,,,,,,Buff,patk,patk,0,-0.1,,,,,,,,,5,,,,3010,
62700,降低敌人普防,1672006,降低周围敌人10%普防,2,1,57,2,,,,,,,,,Buff,pdef,pdef,0,-0.1,,,,,,,,,5,,,,3010,
62800,降低敌人技防,1672008,降低周围敌人10%技防,2,1,58,2,,,,,,,,,Buff,mdef,mdef,0,-0.1,,,,,,,,,5,,,,3010,
62900,增强自身普防,1671006,增加自身50%普防,1,1,53,2,,,,,,,,,Buff,pdef,pdef,0,0.5,,,,,,,,,8,,,,3014,
63000,增强自身技防,1671008,增加自己50%技防,1,1,54,2,,,,,,,,,Buff,mdef,mdef,0,0.5,,,,,,,,,8,,,,3014,
63100,减移动速度,1672013,减速状态，减少40%移动速度,2,1,5,2,,,,,,,,,Buff,speed,speed,0,-0.4,,,,,,,,,4,,,,3007,
63200,沉默,1673002,沉默状态，不能释放技能,2,1,25,2,,,,,,,,,State,Silence,,,,,,,,,,,,8,,,,3013,
63300,增强自身普防,1671006,增加自身20%普防,1,1,53,2,,,,,,,,,Buff,pdef,pdef,0,0.2,,,,,,,,,8,,,,3014,
63400,降低敌人普攻,1672005,降低周围敌人20%普攻,2,1,55,2,,,,,,,,,Buff,patk,patk,0,-0.2,,,,,,,,,8,,,,3010,
63500,增强自身普防,1671006,增加自身20%普防,1,1,53,2,,,,,,,,,Buff,pdef,pdef,0,0.2,,,,,,,,,8,,,,3014,
63600,增强自身技防,1671008,增加自己20%技防,1,1,54,2,,,,,,,,,Buff,mdef,mdef,0,0.2,,,,,,,,,8,,,,3014,
63700,降低敌人技防,1672008,降低周围敌人20%技防,2,1,58,2,,,,,,,,,Buff,mdef,mdef,0,-0.2,,,,,,,,,8,,,,3010,
63800,减移动速度,1672013,减速状态，减少40%移动速度,2,1,5,2,,,,,,,,,Buff,speed,speed,0,-0.4,,,,,,,,,4,,,,3007,
63900,定身,1671007,定身状态，无法移动,2,1,19,2,,,,,,,,,State,Stun,,,,,,,,,,,,3,,,,3017,
64000,圣光治疗,1671001,为队友恢复一定生命值,1,1,102,2,,,,Time,every,,1000,,FeedBack,hp,matk,50,0.15,,,,,,,,,5,,,2201,,
64100,增强自身普防,1671006,增加自身100%普防,1,1,53,2,,,,,,,,,Buff,pdef,pdef,0,1,,,,,,,,,8,,,,3014,
64200,增强自身普防,-1,增加自身10%普防,1,1,53,0,,,,,,,,,Buff,pdef,pdef,0,0.1,,,,,,,,,400,,,,3113,
65000,增加普攻,-1,增加6%普攻,1,1,51,2,,,,,,,,,Buff,patk,patk,0,0.06,,,,,,,,,30,,,,,
65100,增加普攻,-1,增加10%普攻,1,1,51,2,,,,,,,,,Buff,patk,patk,0,0.1,,,,,,,,,30,,,,,
65200,增加普防,1671006,增加10%普防,1,1,53,2,,,,,,,,,Buff,pdef,pdef,0,0.1,,,,,,,,,30,,,,,
65300,降低敌人普攻,1672005,降低周围敌人10%普攻,2,1,55,2,,,,,,,,,Buff,patk,patk,0,-0.1,,,,,,,,,30,,,,,
65400,增加技攻,-1,增加队友10%技攻,1,1,52,2,,,,,,,,,Buff,matk,matk,0,0.1,,,,,,,,,30,,,,,
65500,增加技防,1671008,增加队友10%技防,1,1,54,2,,,,,,,,,Buff,mdef,mdef,0,0.1,,,,,,,,,30,,,,,
65600,增加削攻,-1,增加队友10%削攻,1,1,60,2,,,,,,,,,Buff,weakatk,weakatk,0,0.3,,,,,,,,,30,,,,,
65700,降低敌人普防,1672006,降低周围敌人10%普防,2,1,57,2,,,,,,,,,Buff,pdef,pdef,0,-0.1,,,,,,,,,30,,,,,
65800,增加破甲,1671011,增加队友10%破甲,1,1,59,2,,,,,,,,,Buff,weakdef,weakdef,0,0.3,,,,,,,,,30,,,,,
65900,降低敌人技防,1672008,降低周围敌人10%技防,2,1,58,2,,,,,,,,,Buff,mdef,mdef,0,-0.1,,,,,,,,,30,,,,,
66000,降低敌人技攻,1672007,降低周围敌人10%技攻,2,1,56,2,,,,,,,,,Buff,matk,matk,0,-0.1,,,,,,,,,30,,,,,
66100,降低敌人普防,1672006,降低周围敌人14%普防,2,1,57,2,,,,,,,,,Buff,pdef,pdef,0,-0.14,,,,,,,,,30,,,,,
66200,降低敌人技防,1672008,降低周围敌人14%技防,2,1,58,2,,,,,,,,,Buff,mdef,mdef,0,-0.14,,,,,,,,,30,,,,,
66300,增加技防,1671008,增加队友14%技防,1,1,54,2,,,,,,,,,Buff,mdef,mdef,0,0.14,,,,,,,,,30,,,,,
66400,降低敌人普攻,1672005,降低周围敌人14%普攻,2,1,55,2,,,,,,,,,Buff,patk,patk,0,-0.14,,,,,,,,,30,,,,,
66500,增加技攻,-1,增加队友14%技攻,1,1,52,2,,,,,,,,,Buff,matk,matk,0,0.14,,,,,,,,,30,,,,,
66600,巫师持续治疗,1671001,持续为队友恢复一定生命值,1,1,102,2,,,,,,,,,FeedBack,hp,hpmax,0,0.06,,,,,,,,,0,,,,,
66700,远征军队长普防增加,,增加自己300%防御值,1,10,43,2,,,,,,,,,Buff,pdef,pdef,0,3,,,,,,,,,15,,,,3014,
66800,远征军队长技防增加,,增加自己300%防御值,1,10,43,2,,,,,,,,,Buff,mdef,mdef,0,3,,,,,,,,,15,,,,3116,
66900,亡灵减移动速度,1672013,减速状态，减少40%移动速度,2,1,5,2,,,,,,,,,Buff,speed,speed,0,-0.4,,,,,,,,,3,,,,3007,
67000,毒buff,1673003,毒素侵蚀，生命持续流失,2,3,9,1,,,,Time,every,,1000,,FeedBack,hp,matk,0,-0.1,,,,,,,,,5,,,,3012,
67100,增加普攻,-1,增加14%普攻,1,1,51,2,,,,,,,,,Buff,patk,patk,0,0.14,,,,,,,,,30,,,,,
67200,降低敌人技攻,1672007,降低周围敌人14%技攻,2,1,56,2,,,,,,,,,Buff,matk,matk,0,-0.14,,,,,,,,,30,,,,,
67300,增加普防,1671006,增加14%普防,1,1,53,2,,,,,,,,,Buff,pdef,pdef,0,0.14,,,,,,,,,30,,,,,
90010,1阶吸血,,加强无双技第一阶吸血,0,1,,,,,,,,,,,FeedBack,hp,hurt,0,0.5,,,,,,,,,,,,,,
91010,1阶重击,,加强无双技第一阶重击,0,1,,,,,,,,,,,Refine,hurt,hurt,0,0.5,,,,,,,,,,,,,,
550001,减移动速度,1672013,减速状态，减少50%移动速度,2,1,5,2,,,,,,,,,Buff,speed,speed,0,-0.5,,,,,,,,,5,,,,3007,
550002,减移动速度,1672013,减速状态，减少30%移动速度,2,1,5,2,,,,,,,,,Buff,speed,speed,0,-0.3,,,,,,,,,3,,,,3007,
550003,定身,1671007,定身状态，无法移动,2,1,19,2,,,,,,,,,State,Stun,,,,,,,,,,,,2,,,,3019,
550004,定身,1671007,定身状态，无法移动,2,1,19,2,,,,,,,,,State,Stun,,,,,,,,,,,,3,,,,3017,
550005,精英狼特殊buff,,精英狼圣骑无双技破防,2,1,104,0,,,,PostHit,skill,type,4,,Refine,hurt,hurt,100,0,,,,,,,,,600,,,,,
550007,减移动速度,1672013,减速状态，减少30%移动速度,2,1,5,2,,,,,,,,,Buff,speed,speed,0,-0.3,,,,,,,,,5,,,,3007,
550008,减移动速度,1672013,减速状态，减少30%移动速度,2,1,5,2,,,,,,,,,Buff,speed,speed,0,-0.3,,,,,,,,,3,,,,3007,
550009,减移动速度,1672013,减速状态，减少10%移动速度,2,1,5,0,,,,,,,,,Buff,speed,speed,0,-0.1,,,,,,,,,5,,,,3007,
550010,减移动速度,1672013,减速状态，减少50%移动速度,2,1,5,2,,,,,,,,,Buff,speed,speed,0,-0.5,,,,,,,,,3,,,,3007,
550011,定身,1672013,定身状态，无法操作,2,1,20,2,,,,,,,,,State,Stun,,,,,,,,,,,,3,,,,3017,
550013,耗魔力,1672013,每秒掉1%法力,2,1,9,0,,,,Time,every,,1000,,Refine,mp,mpmax,0,-0.01,,,,,,,,,5,,,,3010,
550014,减移动速度,1672013,减速状态，减少10%移动速度,2,1,5,0,,,,,,,,,Buff,speed,speed,0,-0.1,,,,,,,,,5,,,,3007,
550016,灼烧,1672001,灼烧状态，每秒掉1%血量,2,1,9,0,,,,Time,every,,1000,,Refine,hp,hpmax,0,-0.01,,,,,,,,,5,,,,3002,
550017,定身,1671007,定身状态，无法移动,2,1,19,2,,,,,,,,,State,Stun,,,,,,,,,,,,2,,,,3019,
550018,减移动速度,1672013,减速状态，减少20%移动速度,2,1,5,2,,,,,,,,,Buff,speed,speed,0,-0.2,,,,,,,,,5,,,,3007,
550019,减移动速度,1672013,减速状态，减少30%移动速度,2,1,5,2,,,,,,,,,Buff,speed,speed,0,-0.3,,,,,,,,,5,,,,3007,
550020,减移动速度,1672013,减速状态，减少50%移动速度,2,1,5,2,,,,,,,,,Buff,speed,speed,0,-0.5,,,,,,,,,7,,,,3007,
550021,魔盾术,1671007,增加队友10%技攻,2,1,52,2,,,,,,,,,Buff,matk,matk,0,0.5,,,,,,,,,10,,,,3114,
550022,魔盾反击,1671008,增加自身50%普防,1,1,53,2,,,,,,,,,Buff,pdef,pdef,0,0.5,,,,,,,,,4,,,,3115,
550023,石化,1671007,定身状态，无法移动,2,1,19,2,,,,,,,,,State,Stun,,,,,,,,,,,,2,,,,3021,
550024,喘息,1671001,恢复一定生命值,1,1,102,2,,,,Time,every,,1000,,Refine,hp,hpmax,0,0.03,,,,,,,,,1,,,,,
550025,石化,1671007,定身状态，无法移动,2,1,19,2,,,,,,,,,State,Stun,,,,,,,,,,,,2,,,,3021,
550050,定身,1672008,定身状态，无法操作,2,1,19,2,,,,,,,,,State,Stun,,,,,,,,,,,,1,,,,3017,
550051,定身,1672008,定身状态，无法操作,2,1,19,2,,,,,,,,,State,Stun,,,,,,,,,,,,1.5,,,,3017,
550052,定身,1672008,定身状态，无法操作,2,1,19,2,,,,,,,,,State,Stun,,,,,,,,,,,,2,,,,3017,
550053,定身,1672008,定身状态，无法操作,2,1,19,2,,,,,,,,,State,Stun,,,,,,,,,,,,2.5,,,,3017,
550054,定身,1672008,定身状态，无法操作,2,1,19,2,,,,,,,,,State,Stun,,,,,,,,,,,,3,,,,3017,
550055,定身,1672008,定身状态，无法操作,2,1,19,2,,,,,,,,,State,Stun,,,,,,,,,,,,3.5,,,,3017,
550056,定身,1672008,定身状态，无法操作,2,1,19,2,,,,,,,,,State,Stun,,,,,,,,,,,,4,,,,3017,
550057,定身,1672008,定身状态，无法操作,2,1,19,2,,,,,,,,,State,Stun,,,,,,,,,,,,4.5,,,,3017,
550058,定身,1672008,定身状态，无法操作,2,1,19,2,,,,,,,,,State,Stun,,,,,,,,,,,,5,,,,3017,
550059,定身,1672008,定身状态，无法操作,2,1,19,2,,,,,,,,,State,Stun,,,,,,,,,,,,5.5,,,,3017,
550060,眩晕,1672004,眩晕状态，无法操作,2,1,18,2,,,,,,,,,State,Stun,,,,,,,,,,,,1,,,,3003,
550061,眩晕,1672004,眩晕状态，无法操作,2,1,18,2,,,,,,,,,State,Stun,,,,,,,,,,,,1.5,,,,3003,
550062,眩晕,1672004,眩晕状态，无法操作,2,1,18,2,,,,,,,,,State,Stun,,,,,,,,,,,,2,,,,3003,
550063,眩晕,1672004,眩晕状态，无法操作,2,1,18,2,,,,,,,,,State,Stun,,,,,,,,,,,,2.5,,,,3003,
550064,眩晕,1672004,眩晕状态，无法操作,2,1,18,2,,,,,,,,,State,Stun,,,,,,,,,,,,3,,,,3003,
550065,眩晕,1672004,眩晕状态，无法操作,2,1,18,2,,,,,,,,,State,Stun,,,,,,,,,,,,3.5,,,,3003,
550066,眩晕,1672004,眩晕状态，无法操作,2,1,18,2,,,,,,,,,State,Stun,,,,,,,,,,,,4,,,,3003,
550067,眩晕,1672004,眩晕状态，无法操作,2,1,18,2,,,,,,,,,State,Stun,,,,,,,,,,,,4.5,,,,3003,
550068,眩晕,1672004,眩晕状态，无法操作,2,1,18,2,,,,,,,,,State,Stun,,,,,,,,,,,,5,,,,3003,
550069,眩晕,1672004,眩晕状态，无法操作,2,1,18,2,,,,,,,,,State,Stun,,,,,,,,,,,,5.5,,,,3003,
560100,霸体buff,1673003,霸体状态，无僵直状态,1,1,105,2,,,,,,,,,State,SuperArmor,,,,,,,,,,,,600,,,,,
560101,绝对霸体buff,1673003,绝对霸体状态，不能被破,1,1,105,2,,,,,,,,,State,GodArmor,,,,,,,,,,,,600,,,,,
600002,普攻提升LV1,1671005,攻击增强LV1,1,1,201,2,,,,,,,,,Buff,patk,patk,75,0,,,,,,,,,3000,,,,,
600101,生命提升LV1,1671002,增加生命375点，持续5分钟,1,1,201,2,,,,,,,,,Buff,hpmax,hpmax,375,0,,,,,,,,,300,,,,,
600201,普攻提升LV1,1671005,增加普攻75点，持续5分钟,1,1,201,2,,,,,,,,,Buff,patk,patk,75,0,,,,,,,,,300,,,,,
600301,普防提升LV1,1671006,增加普防75点，持续5分钟,1,1,201,2,,,,,,,,,Buff,pdef,pdef,75,0,,,,,,,,,300,,,,,
600401,技攻提升LV1,1671007,增加技攻75点，持续5分钟,1,1,201,2,,,,,,,,,Buff,matk,matk,75,0,,,,,,,,,300,,,,,
600501,技防提升LV1,1671008,增加技防75点，持续5分钟,1,1,201,2,,,,,,,,,Buff,mdef,mdef,75,0,,,,,,,,,300,,,,,
600601,暴击提升LV1,1671009,增加暴击50点，持续5分钟,1,1,201,2,,,,,,,,,Buff,crit,crit,50,0,,,,,,,,,300,,,,,
600701,韧性提升LV1,1671010,增加韧性50点，持续5分钟,1,1,201,2,,,,,,,,,Buff,parry,parry,50,0,,,,,,,,,300,,,,,
600801,削攻提升LV1,1671012,增加削攻50点，持续5分钟,1,1,201,2,,,,,,,,,Buff,weakatk,weakatk,50,0,,,,,,,,,300,,,,,
600901,破甲提升LV1,1671011,增加破甲50点，持续5分钟,1,1,201,2,,,,,,,,,Buff,weakdef,weakdef,50,0,,,,,,,,,300,,,,,
600102,生命提升LV2,1671002,增加生命750点，持续5分钟,1,2,201,2,,,,,,,,,Buff,hpmax,hpmax,750,0,,,,,,,,,300,,,,,
600202,普攻提升LV2,1671005,增加普攻150点，持续5分钟,1,2,201,2,,,,,,,,,Buff,patk,patk,150,0,,,,,,,,,300,,,,,
600302,普防提升LV2,1671006,增加普防150点，持续5分钟,1,2,201,2,,,,,,,,,Buff,pdef,pdef,150,0,,,,,,,,,300,,,,,
600402,技攻提升LV2,1671007,增加技攻150点，持续5分钟,1,2,201,2,,,,,,,,,Buff,matk,matk,150,0,,,,,,,,,300,,,,,
600502,技防提升LV2,1671008,增加技防150点，持续5分钟,1,2,201,2,,,,,,,,,Buff,mdef,mdef,150,0,,,,,,,,,300,,,,,
600602,暴击提升LV2,1671009,增加暴击100点，持续5分钟,1,2,201,2,,,,,,,,,Buff,crit,crit,100,0,,,,,,,,,300,,,,,
600702,韧性提升LV2,1671010,增加韧性100点，持续5分钟,1,2,201,2,,,,,,,,,Buff,parry,parry,100,0,,,,,,,,,300,,,,,
600802,削攻提升LV2,1671012,增加削攻100点，持续5分钟,1,2,201,2,,,,,,,,,Buff,weakatk,weakatk,100,0,,,,,,,,,300,,,,,
600902,破甲提升LV2,1671011,增加破甲100点，持续5分钟,1,2,201,2,,,,,,,,,Buff,weakdef,weakdef,100,0,,,,,,,,,300,,,,,
600103,生命提升LV3,1671002,增加生命1125点，持续5分钟,1,3,201,2,,,,,,,,,Buff,hpmax,hpmax,1125,0,,,,,,,,,300,,,,,
600203,普攻提升LV3,1671005,增加普攻225点，持续5分钟,1,3,201,2,,,,,,,,,Buff,patk,patk,225,0,,,,,,,,,300,,,,,
600303,普防提升LV3,1671006,增加普防225点，持续5分钟,1,3,201,2,,,,,,,,,Buff,pdef,pdef,225,0,,,,,,,,,300,,,,,
600403,技攻提升LV3,1671007,增加技攻225点，持续5分钟,1,3,201,2,,,,,,,,,Buff,matk,matk,225,0,,,,,,,,,300,,,,,
600503,技防提升LV3,1671008,增加技防225点，持续5分钟,1,3,201,2,,,,,,,,,Buff,mdef,mdef,225,0,,,,,,,,,300,,,,,
600603,暴击提升LV3,1671009,增加暴击150点，持续5分钟,1,3,201,2,,,,,,,,,Buff,crit,crit,150,0,,,,,,,,,300,,,,,
600703,韧性提升LV3,1671010,增加韧性150点，持续5分钟,1,3,201,2,,,,,,,,,Buff,parry,parry,150,0,,,,,,,,,300,,,,,
600803,削攻提升LV3,1671012,增加削攻150点，持续5分钟,1,3,201,2,,,,,,,,,Buff,weakatk,weakatk,150,0,,,,,,,,,300,,,,,
600903,破甲提升LV3,1671011,增加破甲150点，持续5分钟,1,3,201,2,,,,,,,,,Buff,weakdef,weakdef,150,0,,,,,,,,,300,,,,,
600104,生命提升LV4,1671002,增加生命1500点，持续5分钟,1,4,201,2,,,,,,,,,Buff,hpmax,hpmax,1500,0,,,,,,,,,300,,,,,
600204,普攻提升LV4,1671005,增加普攻300点，持续5分钟,1,4,201,2,,,,,,,,,Buff,patk,patk,300,0,,,,,,,,,300,,,,,
600304,普防提升LV4,1671006,增加普防300点，持续5分钟,1,4,201,2,,,,,,,,,Buff,pdef,pdef,300,0,,,,,,,,,300,,,,,
600404,技攻提升LV4,1671007,增加技攻300点，持续5分钟,1,4,201,2,,,,,,,,,Buff,matk,matk,300,0,,,,,,,,,300,,,,,
600504,技防提升LV4,1671008,增加技防300点，持续5分钟,1,4,201,2,,,,,,,,,Buff,mdef,mdef,300,0,,,,,,,,,300,,,,,
600604,暴击提升LV4,1671009,增加暴击200点，持续5分钟,1,4,201,2,,,,,,,,,Buff,crit,crit,200,0,,,,,,,,,300,,,,,
600704,韧性提升LV4,1671010,增加韧性200点，持续5分钟,1,4,201,2,,,,,,,,,Buff,parry,parry,200,0,,,,,,,,,300,,,,,
600804,削攻提升LV4,1671012,增加削攻200点，持续5分钟,1,4,201,2,,,,,,,,,Buff,weakatk,weakatk,200,0,,,,,,,,,300,,,,,
600904,破甲提升LV4,1671011,增加破甲200点，持续5分钟,1,4,201,2,,,,,,,,,Buff,weakdef,weakdef,200,0,,,,,,,,,300,,,,,
600105,生命提升LV5,1671002,增加生命1875点，持续5分钟,1,5,201,2,,,,,,,,,Buff,hpmax,hpmax,1875,0,,,,,,,,,300,,,,,
600205,普攻提升LV5,1671005,增加普攻375点，持续5分钟,1,5,201,2,,,,,,,,,Buff,patk,patk,375,0,,,,,,,,,300,,,,,
600305,普防提升LV5,1671006,增加普防375点，持续5分钟,1,5,201,2,,,,,,,,,Buff,pdef,pdef,375,0,,,,,,,,,300,,,,,
600405,技攻提升LV5,1671007,增加技攻375点，持续5分钟,1,5,201,2,,,,,,,,,Buff,matk,matk,375,0,,,,,,,,,300,,,,,
600505,技防提升LV5,1671008,增加技防375点，持续5分钟,1,5,201,2,,,,,,,,,Buff,mdef,mdef,375,0,,,,,,,,,300,,,,,
600605,暴击提升LV5,1671009,增加暴击250点，持续5分钟,1,5,201,2,,,,,,,,,Buff,crit,crit,250,0,,,,,,,,,300,,,,,
600705,韧性提升LV5,1671010,增加韧性250点，持续5分钟,1,5,201,2,,,,,,,,,Buff,parry,parry,250,0,,,,,,,,,300,,,,,
600805,削攻提升LV5,1671012,增加削攻250点，持续5分钟,1,5,201,2,,,,,,,,,Buff,weakatk,weakatk,250,0,,,,,,,,,300,,,,,
600905,破甲提升LV5,1671011,增加破甲250点，持续5分钟,1,5,201,2,,,,,,,,,Buff,weakdef,weakdef,250,0,,,,,,,,,300,,,,,
600106,生命提升LV6,1671002,增加生命2250点，持续5分钟,1,6,201,2,,,,,,,,,Buff,hpmax,hpmax,2250,0,,,,,,,,,300,,,,,
600206,普攻提升LV6,1671005,增加普攻450点，持续5分钟,1,6,201,2,,,,,,,,,Buff,patk,patk,450,0,,,,,,,,,300,,,,,
600306,普防提升LV6,1671006,增加普防450点，持续5分钟,1,6,201,2,,,,,,,,,Buff,pdef,pdef,450,0,,,,,,,,,300,,,,,
600406,技攻提升LV6,1671007,增加技攻450点，持续5分钟,1,6,201,2,,,,,,,,,Buff,matk,matk,450,0,,,,,,,,,300,,,,,
600506,技防提升LV6,1671008,增加技防450点，持续5分钟,1,6,201,2,,,,,,,,,Buff,mdef,mdef,450,0,,,,,,,,,300,,,,,
600606,暴击提升LV6,1671009,增加暴击300点，持续5分钟,1,6,201,2,,,,,,,,,Buff,crit,crit,300,0,,,,,,,,,300,,,,,
600706,韧性提升LV6,1671010,增加韧性300点，持续5分钟,1,6,201,2,,,,,,,,,Buff,parry,parry,300,0,,,,,,,,,300,,,,,
600806,削攻提升LV6,1671012,增加削攻300点，持续5分钟,1,6,201,2,,,,,,,,,Buff,weakatk,weakatk,300,0,,,,,,,,,300,,,,,
600906,破甲提升LV6,1671011,增加破甲300点，持续5分钟,1,6,201,2,,,,,,,,,Buff,weakdef,weakdef,300,0,,,,,,,,,300,,,,,
600107,生命提升LV7,1671002,增加生命2625点，持续5分钟,1,7,201,2,,,,,,,,,Buff,hpmax,hpmax,2625,0,,,,,,,,,300,,,,,
600207,普攻提升LV7,1671005,增加普攻525点，持续5分钟,1,7,201,2,,,,,,,,,Buff,patk,patk,525,0,,,,,,,,,300,,,,,
600307,普防提升LV7,1671006,增加普防525点，持续5分钟,1,7,201,2,,,,,,,,,Buff,pdef,pdef,525,0,,,,,,,,,300,,,,,
600407,技攻提升LV7,1671007,增加技攻525点，持续5分钟,1,7,201,2,,,,,,,,,Buff,matk,matk,525,0,,,,,,,,,300,,,,,
600507,技防提升LV7,1671008,增加技防525点，持续5分钟,1,7,201,2,,,,,,,,,Buff,mdef,mdef,525,0,,,,,,,,,300,,,,,
600607,暴击提升LV7,1671009,增加暴击350点，持续5分钟,1,7,201,2,,,,,,,,,Buff,crit,crit,350,0,,,,,,,,,300,,,,,
600707,韧性提升LV7,1671010,增加韧性350点，持续5分钟,1,7,201,2,,,,,,,,,Buff,parry,parry,350,0,,,,,,,,,300,,,,,
600807,削攻提升LV7,1671012,增加削攻350点，持续5分钟,1,7,201,2,,,,,,,,,Buff,weakatk,weakatk,350,0,,,,,,,,,300,,,,,
600907,破甲提升LV7,1671011,增加破甲350点，持续5分钟,1,7,201,2,,,,,,,,,Buff,weakdef,weakdef,350,0,,,,,,,,,300,,,,,
600108,生命提升LV8,1671002,增加生命3000点，持续5分钟,1,8,201,2,,,,,,,,,Buff,hpmax,hpmax,3000,0,,,,,,,,,300,,,,,
600208,普攻提升LV8,1671005,增加普攻600点，持续5分钟,1,8,201,2,,,,,,,,,Buff,patk,patk,600,0,,,,,,,,,300,,,,,
600308,普防提升LV8,1671006,增加普防600点，持续5分钟,1,8,201,2,,,,,,,,,Buff,pdef,pdef,600,0,,,,,,,,,300,,,,,
600408,技攻提升LV8,1671007,增加技攻600点，持续5分钟,1,8,201,2,,,,,,,,,Buff,matk,matk,600,0,,,,,,,,,300,,,,,
600508,技防提升LV8,1671008,增加技防600点，持续5分钟,1,8,201,2,,,,,,,,,Buff,mdef,mdef,600,0,,,,,,,,,300,,,,,
600608,暴击提升LV8,1671009,增加暴击400点，持续5分钟,1,8,201,2,,,,,,,,,Buff,crit,crit,400,0,,,,,,,,,300,,,,,
600708,韧性提升LV8,1671010,增加韧性400点，持续5分钟,1,8,201,2,,,,,,,,,Buff,parry,parry,400,0,,,,,,,,,300,,,,,
600808,削攻提升LV8,1671012,增加削攻400点，持续5分钟,1,8,201,2,,,,,,,,,Buff,weakatk,weakatk,400,0,,,,,,,,,300,,,,,
600908,破甲提升LV8,1671011,增加破甲400点，持续5分钟,1,8,201,2,,,,,,,,,Buff,weakdef,weakdef,400,0,,,,,,,,,300,,,,,
600109,生命提升LV9,1671002,增加生命3375点，持续5分钟,1,9,201,2,,,,,,,,,Buff,hpmax,hpmax,3375,0,,,,,,,,,300,,,,,
600209,普攻提升LV9,1671005,增加普攻675点，持续5分钟,1,9,201,2,,,,,,,,,Buff,patk,patk,675,0,,,,,,,,,300,,,,,
600309,普防提升LV9,1671006,增加普防675点，持续5分钟,1,9,201,2,,,,,,,,,Buff,pdef,pdef,675,0,,,,,,,,,300,,,,,
600409,技攻提升LV9,1671007,增加技攻675点，持续5分钟,1,9,201,2,,,,,,,,,Buff,matk,matk,675,0,,,,,,,,,300,,,,,
600509,技防提升LV9,1671008,增加技防675点，持续5分钟,1,9,201,2,,,,,,,,,Buff,mdef,mdef,675,0,,,,,,,,,300,,,,,
600609,暴击提升LV9,1671009,增加暴击450点，持续5分钟,1,9,201,2,,,,,,,,,Buff,crit,crit,450,0,,,,,,,,,300,,,,,
600709,韧性提升LV9,1671010,增加韧性450点，持续5分钟,1,9,201,2,,,,,,,,,Buff,parry,parry,450,0,,,,,,,,,300,,,,,
600809,削攻提升LV9,1671012,增加削攻450点，持续5分钟,1,9,201,2,,,,,,,,,Buff,weakatk,weakatk,450,0,,,,,,,,,300,,,,,
600909,破甲提升LV9,1671011,增加破甲450点，持续5分钟,1,9,201,2,,,,,,,,,Buff,weakdef,weakdef,450,0,,,,,,,,,300,,,,,
600110,生命提升LV10,1671002,增加生命3750点，持续5分钟,1,10,201,2,,,,,,,,,Buff,hpmax,hpmax,3750,0,,,,,,,,,300,,,,,
600210,普攻提升LV10,1671005,增加普攻750点，持续5分钟,1,10,201,2,,,,,,,,,Buff,patk,patk,750,0,,,,,,,,,300,,,,,
600310,普防提升LV10,1671006,增加普防750点，持续5分钟,1,10,201,2,,,,,,,,,Buff,pdef,pdef,750,0,,,,,,,,,300,,,,,
600410,技攻提升LV10,1671007,增加技攻750点，持续5分钟,1,10,201,2,,,,,,,,,Buff,matk,matk,750,0,,,,,,,,,300,,,,,
600510,技防提升LV10,1671008,增加技防750点，持续5分钟,1,10,201,2,,,,,,,,,Buff,mdef,mdef,750,0,,,,,,,,,300,,,,,
600610,暴击提升LV10,1671009,增加暴击500点，持续5分钟,1,10,201,2,,,,,,,,,Buff,crit,crit,500,0,,,,,,,,,300,,,,,
600710,韧性提升LV10,1671010,增加韧性500点，持续5分钟,1,10,201,2,,,,,,,,,Buff,parry,parry,500,0,,,,,,,,,300,,,,,
600810,削攻提升LV10,1671012,增加削攻500点，持续5分钟,1,10,201,2,,,,,,,,,Buff,weakatk,weakatk,500,0,,,,,,,,,300,,,,,
600910,破甲提升LV10,1671011,增加破甲500点，持续5分钟,1,10,201,2,,,,,,,,,Buff,weakdef,weakdef,500,0,,,,,,,,,300,,,,,
