id,class_id,honor,honor_icon,honor_title,honor_des,endRow
*uint,uint,string,int,string,string,
#名人ID,"名人分类1,2,3",称号、头衔,称号图片,达成描述,称号,
1,1,最强王者,2101001,每日22点更新,排位赛排名第一,
2,1,统领大陆,2101002,每日22点更新,联盟排行第一盟主,
3,1,众神之主,2101003,每日23点更新,神灵排行第一,
4,1,不败战神,2101004,每日23点更新,战力排行第一,
5,1,登峰造极,2101005,每日22点更新,等级排行第一,
6,1,绝对守护,2101006,每日23点更新,守护神排行第一,
7,1,最强圣骑,2101007,每日23点更新,圣骑战力第一人,
8,1,最强狂战,2101008,每日23点更新,狂战战力第一人,
9,1,最强魔剑,2101009,每日23点更新,魔剑战力第一人,
10,2,百战成神,2102001,每15分钟更新,三星通关精英副本最多,
11,2,神之领主,2102002,每15分钟更新,守护神等级最高,
12,2,神兵利器,2102003,每15分钟更新,激活最高级套装,
13,2,星光闪耀,2102004,每15分钟更新,全身装备总星级数最高,
14,2,一统神域,2102005,每15分钟更新,最高等级联盟的盟主,
15,2,圣器之王,2102006,每15分钟更新,全身装备【觉醒】且装备套装等级最高,
16,2,培养大师,2102007,每15分钟更新,神灵等级最高,
17,2,潮流之王,2102008,每15分钟更新,拥有最多时装,
18,3,召唤之王,2103001,首位达成,首个通过圣坛召唤获得橙色神灵,
19,3,智慧女神,2103002,首位达成,首个使用星魂兑换雅典娜神灵,
20,3,橙光四射,2103003,首位达成,首个使用4个橙色神灵上阵的玩家,
21,3,杀意沸腾,2103004,首位达成,首个战力达到10000\n（老服为当日战力最高者获得）,
22,3,惊天战神,2103005,首位达成,首个到达VIP15,
23,3,寻宝之王,2103006,首位达成,首个通过探险获得神装武饰,
24,3,万人爱慕,2103007,首位达成,首个达到520个关注度\n（老服为当日关注度最高者获得）,
25,1,最强联盟,2101010,联盟战结束后,联盟战排名第一的联盟成员,
26,1,联盟霸主,2101011,联盟战结束后,联盟战个人排名第一的玩家,
27,1,联盟至尊,2101012,联盟战结束后,联盟战个人排名第二的玩家,
28,1,联盟首领,2101013,联盟战结束后,联盟战个人排名第三的玩家,
