id,level_limit,type,section,kinds,accept_npc,done_npc,scene,pos,title,name,describe,progress_des,info,degree,accept_story,process_story,finish_story,done_story,fail_state,reward1,reward2,reward4,gold,exp,cycle,cycle_num,past_time
*uint,int,!ETaskType,int,!ETaskKinds,int,int,int,FVector3,string,string,string,string,Jsondata,!EStageDegree,int,int,int,int,int,jsondata,jsondata,jsondata,int,int,int,int,int
#任务表,等级限制,"类型: 1:主线任务,2:支线任务,3:日常任务 ...",,"1:(HitMonster:)打怪,2:(Collect:)收集,3:(Pick:)采集,4:(UseItem:)使用道具,5:(PassBattle:)通关副本,6:(GuardNpc:)守卫npc,7:(GuardItem:)守卫物品,8:(SendNpc:护送npc,9:(SendItem:)护送物品10:(Story:)对话11、守护神等级达到某个等级。12、玩家任意神灵达到或超过某个等级。13、玩家X星以上神灵数量达到或超过Y个14、挑战万魔殿X次15、挑战噩梦森林X次16、挑战炼狱X次17、挑战万魔殿胜利X次18、挑战噩梦森林胜利X次19、挑战炼狱胜利X次20、神灵召唤X次21、技能升级22、合成X级宝石",领取该任务的Npc,任务完成后交付的npc id(没有则自动完成),任务目的场景id,"目的场景位置{""x"":100,""y"":0,""z"":100}",任务标题:救援,任务完成条件,任务描述,用于任务在副本中进度的描述,"做的事情:[{""obj"":npc/物品id,""num"":数量},{""obj"":npc/物品id,""num"":数量}]","None=-1,Common=0,Hard=1,Elite=2,",【可领取】状态的对话 -- 对话表id,"【进行中】状态, 用户再次点击对应NPC时对话 -- 对话表id",【已完成】状态的对话 -- 对话表id,已交付状态的对话 -- 对话表id,失败或放弃后的状态 1已交付 2已完成 3可领取 4进行中,"奖励内容[{""id"":1000,""num"":2},{""id"":2000,""num"":2},],Knight圣骑，Runner魔剑，Warrior狂战",,,完成获得的金币数,完成的经验,领取周期 -- 单位:天,周期内可重复接受的次数(对于日常任务指今日可接这个任务的次数),"任务的过期时间(分钟), 0为无限"
100000,,1,1,1,,,,,默认任务,,,,,,,,,,,,,,1,1,,,
100001,,1,1,10,,100005,1000,,梦中醒来,向阿卡玛斯诉说梦境,今天又受到梦中神秘声音的召唤，去找阿卡玛斯或许可以了解情况。,,"[{""obj"":100005,""num"":100001}]",0,,,,100002,4,,,,400,200,1,999,
100002,,1,1,5,100005,100005,1001,,调查镇外森林,通关镇外森林普通难度,镇子外黑雾笼罩，调查操纵这一诡异现象背后的力量。,你已成功通关镇外森林！,"[{""obj"":10010,""num"":1}]",0,100003,,,100004,4,"[{""id"":1101100001,""num"":1}]","[{""id"":1101200001,""num"":1}]","[{""id"":1101400001,""num"":1}]",440,250,1,999,
100003,,1,1,10,100005,100005,1000,,了解过去,向阿卡玛斯了解过去,阿卡玛斯应该知道我的身世，也许会有什么线索。,,"[{""obj"":100005,""num"":100007}]",0,100006,,,100007,4,,,,480,300,1,999,
100004,,1,1,10,100005,100006,1000,,接收礼物,接收查尔的礼物,查尔为我准备了一份礼物，去看看是什么吧。,,"[{""obj"":100006,""num"":100010}]",0,100009,,,100011,4,,,,520,350,1,999,
100005,,1,1,5,100006,100005,1002,,夺回材料,普通乱石荒野夺回水晶之痕,从普通乱石荒野亡灵手中夺取水晶之痕。,夺回了水晶之痕,"[{""obj"":10020,""num"":1}]",0,100012,,,100014,4,"[{""id"":1105100001,""num"":1}]","[{""id"":1105200001,""num"":1}]","[{""id"":1105400001,""num"":1}]",560,400,1,999,
100006,,1,1,5,100005,100005,1003,,黑魔法,通关普通茂林森林,到茂密森林再次调查暗黑力量的下落。,附近似乎弥漫着一股诡异的力量,"[{""obj"":10030,""num"":1}]",0,100039,,,100040,4,"[{""id"":1106100001,""num"":1},{""id"":1400100001,""num"":2}]","[{""id"":1106200001,""num"":1},{""id"":1400100001,""num"":2}]","[{""id"":1106400001,""num"":1},{""id"":1400100001,""num"":2}]",10000,450,1,999,
100007,,1,1,10,100005,100007,1000,,寻找源头,寻找邪恶力量源头,让斯拉寻找邪恶力量的源头,,"[{""obj"":100007,""num"":100016}]",0,100015,,,100017,4,,,,640,500,1,999,
100008,,1,1,5,100007,100007,1004,,消灭暗黑幻影,在普通黑暗小径击败暗黑幻影,在普通黑暗小径击败暗黑幻影。,成功击败了暗黑幻影,"[{""obj"":10040,""num"":1}]",0,100019,,,100021,4,"[{""id"":1104100001,""num"":1},{""id"":1400100001,""num"":1}]","[{""id"":1104200001,""num"":1},{""id"":1400100001,""num"":1}]","[{""id"":1104400001,""num"":1},{""id"":1400100001,""num"":1}]",10000,550,1,999,
100009,,1,1,10,100007,100010,1000,,维纳斯之心,拿回维纳斯之心,向妹妹询问维纳斯之心的事。,,"[{""obj"":100010,""num"":100024}]",0,100023,,,100025,4,,,,720,600,1,999,
100010,,1,1,10,100010,100013,1000,,充盈宝石,将维纳斯之心给斯拉,为了完成召唤，将维纳斯之心交给斯拉。,,"[{""obj"":100013,""num"":100027}]",0,100026,,,100028,4,,,,760,650,1,999,
100011,,1,1,5,100013,100013,1005,,落叶之原,通关普通落叶之原,在普通落叶之原为宝石恢复魔力。,维纳斯宝石恢复了部分魔力,"[{""obj"":10050,""num"":1}]",0,100035,,,100036,4,"[{""id"":1102100001,""num"":1},{""id"":1311211001,""num"":1}]","[{""id"":1102200001,""num"":1},{""id"":1311211001,""num"":1}]","[{""id"":1102400001,""num"":1},{""id"":1311211001,""num"":1}]",800,700,1,999,
100012,,1,1,5,100013,100013,1006,,汲取魔力,通关普通寂静古路,在普通寂静古路为宝石继续汲取魔力。,维纳斯宝石彻底恢复了魔力,"[{""obj"":10060,""num"":1}]",0,100037,,,100038,4,"[{""id"":1400100001,""num"":1},{""id"":1311211001,""num"":1}]","[{""id"":1400100001,""num"":1},{""id"":1311211001,""num"":1}]","[{""id"":1400100001,""num"":1},{""id"":1311211001,""num"":1}]",840,750,1,999,
100013,,1,1,5,100013,100005,1007,,抢夺召唤符文,成功在埋骨遗迹抢夺召唤符文,为了召唤沉睡的神灵，向埋骨遗迹的邪恶巫师抢夺召唤符文。,目前已抢夺符文,"[{""obj"":10070,""num"":1}]",0,100030,,,100032,4,"[{""id"":1103100001,""num"":1},{""id"":1311211001,""num"":1}]","[{""id"":1103200001,""num"":1},{""id"":1311211001,""num"":1}]","[{""id"":1103400001,""num"":1},{""id"":1311211001,""num"":1}]",880,800,1,999,
100014,,1,1,5,100005,100015,1008,,召唤沉睡神灵,在普通上古祭坛完成召唤仪式,在普通上古祭坛保护阿卡玛斯直到召唤结束,杀死了芬里尔狼,"[{""obj"":10080,""num"":1}]",0,100034,,,100047,4,"[{""id"":1400100001,""num"":2},{""id"":1311211001,""num"":1}]","[{""id"":1400100001,""num"":2},{""id"":1311211001,""num"":1}]","[{""id"":1400100001,""num"":2},{""id"":1311211001,""num"":1}]",920,850,1,999,
100015,,1,2,10,,100010,1000,,与妹妹告别,告别妹妹,将前往佩达斯城，和妹妹告别吧。,,"[{""obj"":100010,""num"":100045}]",0,,,,100046,4,"[{""id"":1311211001,""num"":1}]","[{""id"":1311211001,""num"":1}]","[{""id"":1311211001,""num"":1}]",960,900,1,999,
100016,,1,2,10,100010,100015,1000,,启程,启程准备就绪,小镇安全了，前往下一个暗黑圣杯的出现地。,,"[{""obj"":100015,""num"":100048}]",0,100043,,,100049,4,"[{""id"":1311211001,""num"":1}]","[{""id"":1311211001,""num"":1}]","[{""id"":1311211001,""num"":1}]",1000,950,1,999,
100201,,1,2,10,100015,100217,2000,,会合,到佩达斯城与雅典娜会合,在佩达斯找到雅典娜,,"[{""obj"":100217,""num"":100240}]",0,100050,,,100241,4,"[{""id"":700101,""num"":1},{""id"":1311211001,""num"":1}]","[{""id"":700101,""num"":1},{""id"":1311211001,""num"":1}]","[{""id"":700101,""num"":1},{""id"":1311211001,""num"":1}]",1040,1000,1,999,
100202,,1,2,10,100217,100211,2000,,调查佩达斯,找到士兵霍海利德,对佩达斯的诡异情况进行调查,,"[{""obj"":100211,""num"":100244}]",0,100243,,,100245,4,"[{""id"":1311211001,""num"":1}]","[{""id"":1311211001,""num"":1}]","[{""id"":1311211001,""num"":1}]",1080,1150,1,999,
100203,,1,2,5,100211,100211,2001,,交换条件,消灭普通城外荒漠远征军守卫,前往普通城外荒漠为霍海利德消灭十个远征守卫军,已击杀远征军守卫,"[{""obj"":20010,""num"":1}]",0,100247,,,100248,4,"[{""id"":1903100001,""num"":1},{""id"":1311211002,""num"":1}]","[{""id"":1903100001,""num"":1},{""id"":1311211002,""num"":1}]","[{""id"":1903100001,""num"":1},{""id"":1311211002,""num"":1}]",2000,1300,1,999,
100204,,1,2,5,100211,100211,2002,,抢夺兵器,在流沙凶漠抢夺远征军长剑,为霍海利德教训远征军，抢夺五把长剑。,已抢夺长剑,"[{""obj"":20020,""num"":1}]",0,100250,,,100251,4,"[{""id"":1903200003,""num"":1},{""id"":1311211001,""num"":1}]","[{""id"":1903200003,""num"":1},{""id"":1311211001,""num"":1}]","[{""id"":1903200003,""num"":1},{""id"":1311211001,""num"":1}]",1160,1450,1,999,
100205,,1,2,10,100211,100216,2000,,会见,与阿喀琉斯见面,得到了阿喀琉斯的接见，为了追查下去，去会见他吧。,,"[{""obj"":100216,""num"":100253}]",0,100252,,,100329,4,"[{""id"":1311211001,""num"":1}]","[{""id"":1311211001,""num"":1}]","[{""id"":1311211001,""num"":1}]",1200,1600,1,999,
100206,,1,2,5,100216,100216,2003,,试炼,打败阿喀琉斯,向阿喀琉斯证明自己的实力 ,打败阿喀琉斯,"[{""obj"":20030,""num"":1}]",0,100326,,,100254,4,"[{""id"":1903100001,""num"":1},{""id"":1311211002,""num"":1}]","[{""id"":1903100001,""num"":1},{""id"":1311211002,""num"":1}]","[{""id"":1903100001,""num"":1},{""id"":1311211002,""num"":1}]",2000,1750,1,999,
100207,,1,2,5,100216,100216,2001,,第一试炼,通关困难城外荒漠,完成第一试炼。,完成第一试炼。,"[{""obj"":20011,""num"":1}]",1,400001,,,400002,4,"[{""id"":1311211003,""num"":1}]","[{""id"":1311211003,""num"":1}]","[{""id"":1311211003,""num"":1}]",1280,1900,1,999,
100208,,1,2,5,100216,100216,2002,,第二试炼,通关困难流沙凶漠,完成第二试炼。,完成第二试炼。,"[{""obj"":20021,""num"":1}]",1,400003,,,400004,4,"[{""id"":1903200001,""num"":20},{""id"":1311211003,""num"":1}]","[{""id"":1903200001,""num"":20},{""id"":1311211003,""num"":1}]","[{""id"":1903200001,""num"":20},{""id"":1311211003,""num"":1}]",1320,2050,1,999,
100209,,1,2,5,100216,100216,2003,,第三试炼,通关困难荒芜古路,完成第三试炼。,完成第三试炼。,"[{""obj"":20031,""num"":1}]",1,400005,,,400006,4,"[{""id"":1311211003,""num"":1}]","[{""id"":1311211003,""num"":1}]","[{""id"":1311211003,""num"":1}]",1360,2200,1,999,
100210,,1,2,10,100216,100209,2000,,追踪线索,与雷诺斯接触,在疯子雷诺斯身上询问阿伽门农的线索,,"[{""obj"":100209,""num"":100257}]",0,100256,,,100258,4,,,,1400,2350,1,999,
100211,,1,2,5,100209,100209,2004,,亡灵之书,获得亡灵之书,在墓地找寻控制死灵者的线索（亡灵之书*1）,得到亡灵之书,"[{""obj"":20040,""num"":1}]",0,100259,,,100260,4,"[{""id"":1903100001,""num"":1}]","[{""id"":1903100001,""num"":1}]","[{""id"":1903100001,""num"":1}]",1440,2500,1,999,
100212,,1,2,5,100209,100209,2005,,盖亚秘典,在黑暗地宫盗取盖亚秘典,黑暗地宫的亡灵身上似乎携带着盖亚秘典,得到盖亚秘典,"[{""obj"":20050,""num"":1}]",0,100327,,,100328,4,"[{""id"":1400400101,""num"":4},{""id"":1300911013,""num"":1},{""id"":1300411001,""num"":1},{""id"":1400300001,""num"":1}]","[{""id"":1400400101,""num"":4},{""id"":1300911013,""num"":1},{""id"":1300411001,""num"":1},{""id"":1400300001,""num"":1}]","[{""id"":1400400101,""num"":4},{""id"":1300911013,""num"":1},{""id"":1300411001,""num"":1},{""id"":1400300001,""num"":1}]",3000,2650,1,999,
100213,,1,2,5,100209,100209,2004,,解读一,通关困难古墓地宫,在古墓地宫寻找解读碑文,古墓地宫并没有碑文线索,"[{""obj"":20041,""num"":1}]",1,400007,,,400008,4,,,,1520,2800,1,999,
100214,,1,2,5,100209,100209,2005,,解读二,通关困难黑暗地宫,在黑暗地宫寻找解读碑文,找到了解读的线索,"[{""obj"":20051,""num"":1}]",1,400009,,,400011,4,,,,1560,3000,1,999,
100215,,1,2,10,100209,100217,2000,,解读三,将亡灵之书交给雅典娜,让雅典娜解读亡灵之书的内容,,"[{""obj"":100217,""num"":100262}]",0,100261,,,100263,4,"[{""id"":1400100001,""num"":2}]","[{""id"":1400100001,""num"":2}]","[{""id"":1400100001,""num"":2}]",1600,3200,1,999,
100216,,1,2,1,100217,100217,2006,,暗闯皇家陵墓,击败斯琳娜公主,到皇家陵墓调查斯芬克斯面具的下落,击败斯琳娜公主,"[{""obj"":2006003,""num"":1}]",0,100279,,,100265,4,,,,1640,3400,1,999,
100217,,1,2,10,100217,100201,2000,,了解皇室旧事,了解关于斯琳娜的往事,向菲恩了解斯琳娜公主的过去,,"[{""obj"":100201,""num"":100267}]",0,100280,,,100268,4,"[{""id"":1903100001,""num"":1}]","[{""id"":1903100001,""num"":1}]","[{""id"":1903100001,""num"":1}]",1680,3600,1,999,
100218,,1,2,1,100201,100217,2006,,结束公主的梦,在斯琳娜面前假扮扎克特,在斯琳娜面前假扮扎克特，让她永远的安息吧。,让斯琳娜公主安息,"[{""obj"":2006103,""num"":1}]",1,100270,,,100272,4,,,,1740,3800,1,999,
100219,,1,2,5,100217,100217,2007,,穿越荒野,通关普通乱葬荒野,穿过乱葬荒野,成功通关乱葬荒野,"[{""obj"":20070,""num"":1}]",0,100274,,,100275,4,"[{""id"":1400100001,""num"":2}]","[{""id"":1400100001,""num"":2}]","[{""id"":1400100001,""num"":2}]",1800,4000,1,999,
100220,,1,2,5,100217,100217,2008,,羊皮纸,通关普通烽火战场,在普通烽火战场中寻找关于英雄王的线索。,成功通关烽火战场,"[{""obj"":20080,""num"":1}]",0,100283,,,100284,4,,,,1860,4200,1,999,
100221,,1,2,5,100217,100217,2009,,英雄王身份,通关普通诀别之谷,到诀别之谷中再次寻找关于英雄王的线索。,成功通关诀别之谷,"[{""obj"":20090,""num"":1}]",0,100286,,,100287,4,"[{""id"":1400100001,""num"":2}]","[{""id"":1400100001,""num"":2}]","[{""id"":1400100001,""num"":2}]",1920,4400,1,999,
100222,,1,2,5,100217,100217,2010,,月女神之箭,通关普通毒气沼泽,在普通毒气沼泽找到月女神之箭。,成功通关毒气沼泽,"[{""obj"":20100,""num"":1}]",0,100289,,,100290,4,,,,1980,4600,1,999,
100223,,1,2,5,100217,100217,2011,,荆棘水野,通关普通荆棘水野,穿越普通荆棘水野。,成功通关荆棘水野,"[{""obj"":20110,""num"":1}]",0,100292,,,100293,4,"[{""id"":1400100001,""num"":2}]","[{""id"":1400100001,""num"":2}]","[{""id"":1400100001,""num"":2}]",2040,4800,1,999,
100224,,1,2,5,100217,100217,2007,,杀戮魔物一,通关困难乱葬荒野,在乱葬荒野进行第一场杀戮。,成功清杀乱葬荒野魔物,"[{""obj"":20071,""num"":1}]",1,400012,,,400013,4,,,,2100,5000,1,999,
100225,,1,2,5,100217,100217,2008,,杀戮魔物二,通关困难烽火战场,在烽火战场进行第二场杀戮。,成功清杀烽火战场魔物,"[{""obj"":20081,""num"":1}]",1,400014,,,400015,4,"[{""id"":1400100001,""num"":2}]","[{""id"":1400100001,""num"":2}]","[{""id"":1400100001,""num"":2}]",2160,5200,1,999,
100226,,1,2,5,100217,100217,2009,,杀戮魔物三,通关困难诀别之谷,在诀别之谷进行第三场杀戮。,成功清杀诀别之谷魔物,"[{""obj"":20091,""num"":1}]",1,400016,,,400017,4,,,,2220,5400,1,999,
100227,,1,2,5,100217,100217,2010,,杀戮魔物四,通关困难毒气沼泽,在毒气沼泽进行第四场杀戮。,成功清杀毒气沼泽魔物,"[{""obj"":20101,""num"":1}]",1,400018,,,400019,4,,,,2280,5600,1,999,
100228,,1,2,5,100217,100217,2011,,杀戮魔物五,通关困难荆棘水野,在荆棘水野进行第五场杀戮。,成功清杀荆棘水野魔物,"[{""obj"":20111,""num"":1}]",1,400020,,,400021,4,"[{""id"":1400100001,""num"":5}]","[{""id"":1400100001,""num"":5}]","[{""id"":1400100001,""num"":5}]",2340,5800,1,999,
100229,,1,2,5,100217,100217,2012,,获得亡者之瞳,获得亡者之瞳,在普通英雄王遗迹获得亡者之瞳。,得到了亡者之瞳,"[{""obj"":20120,""num"":1}]",0,100276,,,100277,4,"[{""id"":1210300001,""num"":1}]","[{""id"":1210300001,""num"":1}]","[{""id"":1210300001,""num"":1}]",2400,6000,1,999,
100230,,1,2,5,100217,100217,2001,,沙漠崩毁,通关精英城外荒漠,为了防止沙漠崩毁，将宝珠放置在城外荒漠中吧。,成功将宝珠放置在沙漠中心,"[{""obj"":20012,""num"":1}]",2,102001,,,102002,4,,,,2400,6000,1,999,
100301,,1,3,10,100217,100015,1000,,回到溪木镇,与雅典娜一起回到溪木镇,为了破除面具的诅咒，去往溪木镇寻找圣水,,"[{""obj"":100015,""num"":403003}]",0,403002,,,403004,4,,,,2430,6200,1,999,
100302,,1,3,10,100015,100013,1000,,圣水踪迹,找希娜询问圣水的踪迹,找希娜询问圣水的踪迹,,"[{""obj"":100013,""num"":403006}]",0,403005,,,403072,4,,,,2460,6400,1,999,
100303,,1,3,5,100013,100013,1009,,蜘蛛腿,通关普通迷烟森林,到普通迷烟森林为希娜找回钱袋,你捡到了希娜的钱袋,"[{""obj"":10090,""num"":1}]",0,403007,,,403008,4,"[{""id"":1303111001,""num"":1}]","[{""id"":1303111001,""num"":1}]","[{""id"":1303111001,""num"":1}]",2490,6600,1,999,
100304,,1,3,10,100013,100007,1000,,梦魇的困扰,向斯拉询问梦魇困扰的事,向斯拉询问梦魇困扰的事,,"[{""obj"":100007,""num"":403010}]",0,403009,,,403011,4,,,,2520,6800,1,999,
100305,,1,3,5,100007,100007,1010,,奇怪的波动一,通关普通日炎之森,到日炎之森证实斯拉的梦境,通关普通日炎之森,"[{""obj"":10100,""num"":1}]",0,403012,,,403013,4,,,,2550,7000,1,999,
100306,,1,3,5,100007,100007,1011,,奇怪的波动二,通关普通神佑圣地,到普通神佑圣地再次探查奇怪的波动,通关普通神佑圣地,"[{""obj"":10110,""num"":1}]",0,403014,,,403015,4,,,,2580,7200,1,999,
100307,,1,3,5,100007,100007,1009,,曼陀罗药剂一,通关困难迷烟森林,到困难神佑圣地采集月华之露,你采集到了月华之露,"[{""obj"":10091,""num"":1}]",1,403016,,,403017,4,,,,2610,7400,1,999,
100308,,1,3,5,100007,100007,1010,,曼陀罗药剂二,通关困难日炎之森,到困难日炎之森采集绿萝叶,你采集到了绿萝叶,"[{""obj"":10101,""num"":1}]",1,403018,,,403019,4,,,,2640,7600,1,999,
100309,,1,3,5,100007,100007,1011,,曼陀罗药剂三,通关困难神佑圣地,到困难神佑圣地采集曼陀罗花,你采集到了曼陀罗花,"[{""obj"":10111,""num"":1}]",1,403020,,,403021,4,,,,2670,7800,1,999,
100310,,1,3,10,100007,100008,1000,,协助玛朵,协助玛朵调查关于黑暗力量的线索,协助玛朵调查关于黑暗力量的线索,,"[{""obj"":100008,""num"":403023}]",0,403022,,,403024,4,,,,2700,8000,1,999,
100311,,1,3,5,100008,100008,1012,,黑影一,通关普通妖精丛林,到普通妖精丛林搜寻暗黑力量的痕迹,黑色的影子瞬间消失在林间,"[{""obj"":10120,""num"":1}]",0,403025,,,403026,4,,,,2730,8200,1,999,
100312,,1,3,5,100008,100008,1013,,黑影二,通关普通暗黑之地,到普通暗黑之地搜寻黑影,黑影再次在林间失去踪影,"[{""obj"":10130,""num"":1}]",0,403027,,,403028,4,,,,2760,8400,1,999,
100313,,1,3,5,100008,100008,1014,,黑之翼,通关普通月野星踪,凭借黑之翼戒指接近黑影,你感觉到有古怪的阴风吹过,"[{""obj"":10140,""num"":1}]",0,403029,,,403030,4,,,,2790,8600,1,999,
100314,,1,3,5,100008,100008,1012,,暗黑印记一,通关困难妖精森林,到困难妖精森林收集黑暗魔物留下的第一个印记,你收集了第一个暗黑印记,"[{""obj"":10121,""num"":1}]",1,403031,,,403032,4,,,,2820,8800,1,999,
100315,,1,3,5,100008,100008,1013,,暗黑印记二,通关困难暗黑之地,到困难妖精森林收集黑暗魔物留下的第二个印记,你收集了第二个暗黑印记,"[{""obj"":10131,""num"":1}]",1,403033,,,403034,4,,,,2850,9000,1,999,
100316,,1,3,5,100008,100008,1014,,暗黑印记三,通关困难月野星踪,到月野星踪收集黑暗魔物留下的第三个印记,你收集了第三个暗黑印记,"[{""obj"":10141,""num"":1}]",1,403035,,,403036,4,,,,2880,9200,1,999,
100317,,1,3,10,100008,100007,1000,,调配药剂,找斯拉拿到调配完毕的药剂,找斯拉拿到调配完毕的药剂,,"[{""obj"":100007,""num"":403038}]",0,403037,,,403039,4,,,,2910,9400,1,999,
100318,,1,3,5,100007,100007,1015,,漆黑亡坟,通关普通漆黑亡坟,在瘴气下行走之前，先越过漆黑亡坟,你听到了亡坟的远方传来声音,"[{""obj"":10150,""num"":1}]",0,403040,,,403041,4,,,,2940,9600,1,999,
100319,,1,3,5,100007,100007,1016,,巨人的宠物,通关普通嚎哭之山,似乎意外地碰到了另一个怪物，先将它解决吧,刺耳的沙沙声近在咫尺,"[{""obj"":10160,""num"":1}]",0,403042,,,403043,4,,,,2970,9800,1,999,
100320,,1,3,5,100007,100007,1017,,巨虫,通关普通禁忌地带。,为了见到斯拉所说的巨大虫，得先闯入禁忌地带,你听到了咔吱咔吱的声音,"[{""obj"":10170,""num"":1}]",0,403044,,,403045,4,,,,3000,10000,1,999,
100321,,1,3,5,100007,100007,1015,,冥王的对手一,通关困难漆黑亡坟,在困难漆黑亡坟洒下粉末，让巨大虫再也无法涉足那儿,你往漆黑亡坟洒下了斯拉的粉末,"[{""obj"":10151,""num"":1}]",1,403046,,,403047,4,,,,3040,10200,1,999,
100322,,1,3,5,100007,100007,1016,,冥王的对手二,通关困难嚎哭之山,在困难嚎哭之山洒下粉末,你往嚎哭之山洒下了斯拉的粉末,"[{""obj"":10161,""num"":1}]",1,403048,,,403049,4,,,,3080,10400,1,999,
100323,,1,3,5,100007,100007,1017,,冥王的对手三,通关困难禁忌地带,在困难禁忌地带洒下粉末,你往禁忌地带洒下了斯拉的粉末,"[{""obj"":10171,""num"":1}]",1,403050,,,403051,4,,,,3120,10600,1,999,
100324,,1,3,5,100007,100007,1018,,恶心的对手,通关普通恶魔梦境,在杀它之前，确保可以穿透它的甲壳,,"[{""obj"":10180,""num"":1}]",0,403052,,,403053,4,,,,3160,10800,1,999,
100325,,1,3,10,100007,100014,1000,,无止境追杀一,找菲罗拿取腐毒泥路的地图,找菲罗拿取腐毒泥路的地图,,"[{""obj"":100014,""num"":403055}]",0,403054,,,403056,4,,,,3200,11000,1,999,
100326,,1,3,5,100014,100014,1019,,无止境追杀二,通关普通腐毒泥路,沿着普通腐毒泥路，继续追杀暗黑魔兽,,"[{""obj"":10190,""num"":1}]",0,403057,,,403058,4,,,,3240,11200,1,999,
100327,,1,3,5,100014,100014,1020,,遗忘之城,通关普通藤蔓古城,到普通蔓藤古城，堵死魔兽的路，准备一场鲜血杀戮,,"[{""obj"":10200,""num"":1}]",0,403059,,,403060,4,,,,3280,11400,1,999,
100328,,1,3,5,100014,100008,1018,,毒杀行动,通关困难恶魔梦境,回到困难恶魔梦境得到沙虫血液，制作毒药,,"[{""obj"":10181,""num"":1}]",1,403061,,,403062,4,,,,3320,11600,1,999,
100329,,1,3,5,100008,100008,1019,,可怕的毒药,通关困难腐毒泥路,玛朵毒药制作完成了，投放到困难腐毒泥路的地下水中吧,,"[{""obj"":10191,""num"":1}]",1,403063,,,403064,4,,,,3360,11800,1,999,
100330,,1,3,5,100008,100008,1020,,哀鸣,通关困难藤蔓古城,再次将毒药投放到困难藤蔓古城吧,,"[{""obj"":10201,""num"":1}]",1,403065,,,403066,4,,,,3400,12000,1,999,
100331,,1,3,5,100008,100008,1021,,蜘蛛女皇,通关普通神石遗迹,杀掉普通神石遗迹的蜘蛛女皇,你采集了纯净的厄洛斯圣水,"[{""obj"":10210,""num"":1}]",0,403067,,,403068,4,,,,3440,12200,1,999,
100332,,1,3,10,100008,100217,2000,,告一段落,前往佩达斯找雅典娜,前往佩达斯找雅典娜揭开阿伽门农的阴谋,,"[{""obj"":100217,""num"":403070}]",0,403069,,,403071,4,,,,3480,12400,1,999,
100401,,1,4,10,100217,100217,2000,,真相,听雅典娜说出真相,听雅典娜说出特洛伊战争的真相,,"[{""obj"":100217,""num"":100331}]",0,100281,,,100332,4,,,,3500,12600,1,999,
100402,,1,4,10,100217,100216,2000,,告知秘密,告诉阿喀琉斯特洛伊战争真相,全部都调查清楚了，向阿喀琉斯告诉特洛伊战争真相,,"[{""obj"":100216,""num"":100334}]",0,100333,,,100335,4,,,,3520,12800,1,999,
100403,,1,4,5,100214,100214,2013,,飞天斗篷,在普通绝迹大漠获得飞天斗篷,向西林获得飞天斗篷,成功找回了飞天斗篷,"[{""obj"":20130,""num"":1}]",0,100337,,,100338,4,,,,3540,13000,1,999,
100404,,1,4,5,100214,100214,2013,,复仇,在普通绝迹大漠杀掉黑巫使徒,为西林死去的同伴报仇,杀了黑巫使徒,"[{""obj"":20130,""num"":1}]",0,100339,,,100340,4,,,,3560,13200,1,999,
100405,,1,4,10,100214,100213,2000,,寻找地图,找到奥德修斯,荒原地图的线索有了下落，向奥德修斯询问地图的事,,"[{""obj"":100213,""num"":100343}]",0,100342,,,100344,4,,,,3580,13400,1,999,
100406,,1,4,5,100213,100213,2014,,召唤卷轴下落,通关普通遗忘绿洲,前往遗忘绿洲调查星辰卷轴下落,找到了星辰卷轴的下落,"[{""obj"":20140,""num"":1}]",0,100346,,,100347,4,,,,3600,13600,1,999,
100407,,1,4,5,100213,100213,2015,,星辰卷轴,在普通惊悚原野夺取星辰卷轴,作为地图的交换条件，在普通惊悚原野找到星辰卷轴,,"[{""obj"":20150,""num"":1}]",0,100349,,,100350,4,,,,3630,13800,1,999,
100408,,1,4,5,100213,100213,2013,,新的地图一,通关困难绝迹大漠,为奥德修斯绘制地图的第一个部分,你绘制了地图第一部分,"[{""obj"":20131,""num"":1}]",1,404001,,,404002,4,,,,3660,14000,1,999,
100409,,1,4,5,100213,100213,2014,,新的地图二,通关困难遗忘绿洲,到困难遗忘绿洲绘制地图第二部分,你绘制了地图第二部分,"[{""obj"":20141,""num"":1}]",1,404003,,,404004,4,,,,3690,14200,1,999,
100410,,1,4,5,100213,100213,2015,,新的地图三,通关困难惊悚原野,到困难惊悚原野绘制地图第三部分,你绘制了地图第三部分,"[{""obj"":20151,""num"":1}]",1,404005,,,404006,4,,,,3720,14400,1,999,
100411,,1,4,10,100213,100219,2000,,帮助,帮助阿革诺尔,为了得到奥德修斯手里的地图，去帮助阿革诺尔吧。,,"[{""obj"":100219,""num"":100352}]",0,100351,,,100353,4,,,,3750,14600,1,999,
100412,,1,4,10,100219,100307,4000,,行迹追踪,找到欧罗巴,到莱斯博斯岛帮阿革诺尔寻找失踪的女儿欧罗巴,,"[{""obj"":100307,""num"":100355}]",0,100354,,,100356,4,,,,3780,14800,1,999,
100413,,1,4,10,100307,100317,4000,,复仇女神,阻止复仇女神,在岛里寻找复仇女神，停止对欧罗巴的搜索,,"[{""obj"":100317,""num"":100358}]",0,100357,,,100359,4,,,,3810,15000,1,999,
100414,,1,4,10,100317,100219,2000,,确认安全,回告有关欧罗巴的消息,看来欧罗巴是暂时安全的，告知阿革诺尔吧,,"[{""obj"":100219,""num"":100361}]",0,100360,,,100362,4,,,,3840,15200,1,999,
100415,,1,4,10,100219,100216,2000,,出发,将地图交给阿喀琉斯,复仇女神的事暂时搁下，先将地图交给阿喀琉斯吧,,"[{""obj"":100216,""num"":100364}]",0,100363,,,100365,4,,,,3870,15400,1,999,
100416,,1,4,5,100216,100216,2016,,沙暴,通关普通虫洞绿洲,清扫普通虫洞绿洲的魔物,,"[{""obj"":20160,""num"":1}]",0,404007,,,404008,4,,,,3900,15600,1,999,
100417,,1,4,5,100216,100216,2017,,打破结界一,通关普通落日之原,在普通落日之原打破战场的结界,你打破了一个结界,"[{""obj"":20170,""num"":1}]",0,404009,,,404010,4,,,,3930,15800,1,999,
100418,,1,4,5,100216,100216,2018,,打破结界二,通关普通风暴悬崖,在普通风暴悬崖打破战场的结界,你打破了一个结界,"[{""obj"":20180,""num"":1}]",0,404011,,,404012,4,,,,3960,16000,1,999,
100419,,1,4,5,100216,100216,2019,,打破结界三,通关普通战争林道,在普通战争林道打破战场的结界,你打破了一个结界,"[{""obj"":20190,""num"":1}]",0,404013,,,404014,4,,,,3990,16200,1,999,
100420,,1,4,5,100216,100216,2016,,包围一,通关困难虫洞绿洲,在困难虫洞绿洲消灭佩达斯城外包围的魔兽,,"[{""obj"":20161,""num"":1}]",1,404015,,,404016,4,,,,4020,16400,1,999,
100421,,1,4,5,100216,100216,2017,,包围二,通关困难落日之原,在困难落日之原消灭佩达斯城外包围的魔兽,,"[{""obj"":20171,""num"":1}]",1,404017,,,404018,4,,,,4050,16600,1,999,
100422,,1,4,5,100216,100216,2018,,包围三,通关困难风暴悬崖,在困难风暴悬崖消灭佩达斯城外包围的魔兽,,"[{""obj"":20181,""num"":1}]",1,404019,,,404020,4,,,,4080,16800,1,999,
100423,,1,4,5,100216,100216,2019,,最后集结点,通关困难战争林道,在困难战争通道消灭集结点魔兽,,"[{""obj"":20191,""num"":1}]",1,404021,,,404022,4,,,,4110,17000,1,999,
100424,,1,4,5,100216,100216,2020,,破坏仪式一,通关普通时空裂谷,在普通时空裂谷破坏第一个仪式台,你破坏了阿伽门农第一个仪式台,"[{""obj"":20200,""num"":1}]",0,404023,,,404024,4,,,,4140,17200,1,999,
100425,,1,4,5,100216,100216,2021,,破坏仪式二,通关普通祭神之路,在普通祭神之路破坏第二个仪式台,你在第二个仪式台得到了古怪的血图,"[{""obj"":20210,""num"":1}]",0,404025,,,404026,4,,,,4170,17400,1,999,
100426,,1,4,5,100216,100216,2020,,地狱魔兽,通关困难时空裂谷,在困难时空裂谷破坏地狱犬的召唤血阵,,"[{""obj"":20201,""num"":1}]",1,404027,,,404028,4,,,,4200,17600,1,999,
100427,,1,4,5,100216,100216,2021,,破坏法阵,通关困难祭神之路,在困难祭神之路破坏剩余的法阵,,"[{""obj"":20211,""num"":1}]",1,404029,,,404030,4,,,,4230,17800,1,999,
100428,,1,4,5,100216,100216,2022,,死灵共舞,通关普通寂静荒原,杀戮寂静荒原的魔物,杀掉魔物,"[{""obj"":20220,""num"":1}]",0,100367,,,100368,4,,,,4260,18000,1,999,
100429,,1,4,10,100216,100215,2000,,回忆,向智者了解安息灵魂的办法,帕特克罗斯曾经是阿喀琉斯的挚友，向智者询问安息灵魂的办法,,"[{""obj"":100215,""num"":100371}]",0,100370,,,100372,4,,,,4290,18200,1,999,
100430,,1,4,5,100215,100215,2023,,精灵故居,拿回精灵竖琴,为了拯救精灵族，在邪恶巫师头领那儿拿回精灵竖琴吧。,拿回了精灵竖琴,"[{""obj"":20230,""num"":1}]",0,100373,,,100374,4,,,,4320,18400,1,999,
100431,,1,4,5,100215,100215,2024,,死亡大漠,保护智者直到大门开启,在星辰大门开启之前，一直保护智者的安全,大门成功开启,"[{""obj"":20240,""num"":1}]",0,100376,,,100377,4,,,,4350,18600,1,999,
100432,,1,4,5,100215,100215,2022,,仪式魔物一,通关困难寂静荒原,清扫困难寂静荒原的魔物,,"[{""obj"":20221,""num"":1}]",1,404032,,,404033,4,,,,4380,18800,1,999,
100433,,1,4,5,100215,100215,2023,,仪式魔物二,通关困难精灵故居,清扫困难精灵故居的魔物,,"[{""obj"":20231,""num"":1}]",1,404034,,,404035,4,,,,4410,19100,1,999,
100434,,1,4,5,100215,100215,2024,,仪式魔物三,通关困难死亡大漠,清扫困难死亡大漠,,"[{""obj"":20241,""num"":1}]",1,404036,,,404037,4,,,,4440,19400,1,999,
100435,,1,4,5,100215,100216,2025,,沉星遗迹,成功阻止阿伽门农的阴谋,可以先喝一杯鸡尾酒，然后，将阿伽门农的罪恶进行审判,成功阻止阿伽门农,"[{""obj"":20250,""num"":1}]",0,100379,,,100434,4,,,,4470,19700,1,999,
100436,,1,5,10,100216,100417,3000,,出发,通知阿喀琉斯前往特洛伊,与阿喀琉斯前往特洛伊结盟,,"[{""obj"":100417,""num"":100435}]",0,100441,,,100436,4,,,,4500,20000,1,999,
100501,,1,5,10,100417,100416,3000,,接头,与欧文接头,与阿喀琉斯派遣的间谍接头,,"[{""obj"":100416,""num"":100439}]",0,100438,,,100440,4,,,,4530,20300,1,999,
100502,,1,5,5,100416,100416,3001,,探查地牢,通关普通地牢密道,在地牢密道里调查假海伦的线索,成功调查海伦的下落,"[{""obj"":30010,""num"":1}]",0,100442,,,100443,4,,,,4560,20600,1,999,
100503,,1,5,10,100416,100411,3000,,地牢钥匙,获得地牢钥匙,得到卡珊德拉的信任与地牢钥匙,,"[{""obj"":100411,""num"":100446}]",0,100445,,,100453,4,,,,4590,20900,1,999,
100504,,1,5,5,100411,100411,3002,,剿杀魔物,剿杀普通废弃地牢里的魔物,剿杀普通废弃地牢里的魔物找到真正的通道,已找到真正通道,"[{""obj"":30020,""num"":1}]",0,100455,,,100456,4,,,,4620,21200,1,999,
100505,,1,5,5,100411,100409,3003,,寻找符文石板,普通巨人地牢中夺取符文石板,在普通巨人地牢的死灵骑士魂身上夺取符文石板,成功夺取符文石板,"[{""obj"":30030,""num"":1}]",0,100458,,,100459,4,,,,4650,21500,1,999,
100506,,1,5,5,100409,100409,3001,,加固咒文一,通关困难地牢密道,在困难地牢密道加固咒文,你加固了第一道咒文,"[{""obj"":30011,""num"":1}]",1,104001,,,104002,4,,,,4680,21800,1,999,
100507,,1,5,5,100409,100409,3002,,加固咒文二,通关困难废弃地牢,在困难废弃地牢加固咒文,你加固了第二道咒文,"[{""obj"":30021,""num"":1}]",1,104003,,,104004,4,,,,4710,22100,1,999,
100508,,1,5,5,100409,100409,3003,,加固咒文三,通关困难巨人地牢,在困难巨人地牢加固咒文,你加固了第三道咒文,"[{""obj"":30031,""num"":1}]",1,104005,,,104006,4,,,,4740,22400,1,999,
100509,,1,5,5,100409,100409,3004,,雕像一·火龙,普通翼兽地牢中夺取翼兽雕像,为了完成开启虚空之门的钥匙，将火龙守护的翼兽雕像抢回来吧。,成功抢到翼兽雕像,"[{""obj"":30040,""num"":1}]",0,100461,,,100462,4,,,,4770,22700,1,999,
100510,,1,5,10,100409,100413,3000,,骗取猫眼石,将猫眼石拿到手。,从奸商戴维德手里骗取猫眼石,,"[{""obj"":100413,""num"":100465}]",0,100464,,,100466,4,,,,4800,23000,1,999,
100511,,1,5,10,100413,100408,3000,,修复雕像,将猫眼石交给波吕克赛娜,将七彩猫眼石交给波吕克赛娜修复,,"[{""obj"":100408,""num"":100469}]",0,100468,,,100470,4,,,,4830,23300,1,999,
100512,,1,5,5,100408,100408,3005,,绘画路线,通关普通奇美拉地牢,为了波吕克赛娜绘画地牢路线图，指名方向。,,"[{""obj"":30050,""num"":1}]",0,100472,,,100473,4,,,,4860,23600,1,999,
100513,,1,5,5,100408,100408,3006,,雕像二·守卫,普通龙卫地牢里获得第二雕像,前往普通龙卫地牢，获得第二个雕像。,,"[{""obj"":30060,""num"":1}]",0,100475,,,100476,4,,,,4890,23900,1,999,
100514,,1,5,5,100408,100408,3004,,代价一,通关困难翼兽地牢,杀光困难翼兽地牢的魔物,,"[{""obj"":30041,""num"":1}]",1,104007,,,104008,4,,,,4920,24200,1,999,
100515,,1,5,5,100408,100408,3005,,代价二,通关困难奇美拉地牢,杀光困难奇美拉地牢的魔物,,"[{""obj"":30051,""num"":1}]",1,104009,,,104010,4,,,,4950,24500,1,999,
100516,,1,5,5,100408,100408,3006,,代价三,通关困难龙卫地牢,杀光困难龙卫地牢的魔物,,"[{""obj"":30061,""num"":1}]",1,104011,,,104012,4,,,,4980,24800,1,999,
100517,,1,5,10,100408,100410,3000,,第三个线索,找到布里塞伊斯,第三个雕像的线索在布里塞伊斯那儿，去找她问问看吧。,,"[{""obj"":100410,""num"":100479}]",0,100478,,,100480,4,,,,5010,25100,1,999,
100518,,1,5,5,100410,100410,3007,,吟唱安魂咒,普通狮鹫地牢保护布里塞伊斯,到普通狮鹫地牢指定区域保护布里塞伊斯直到咒语吟唱结束,,"[{""obj"":30070,""num"":1}]",0,100482,,,100484,4,,,,5040,25400,1,999,
100519,,1,5,5,100410,100410,3008,,进入海蛇地牢,在普通迷幻烟漠进行探查,进入普通迷幻烟漠，找第三个雕像的下落,,"[{""obj"":30080,""num"":1}]",0,100486,,,100487,4,,,,5070,25700,1,999,
100520,,1,5,10,100410,100401,3000,,金羊毛计划一,确认伊阿宋手里的金羊毛,伊阿宋手里有金羊毛，得到它才能引出蜃龙真身,,"[{""obj"":100401,""num"":100490}]",0,100489,,,100491,4,,,,5100,26000,1,999,
100521,,1,5,10,100401,100417,3000,,金羊毛计划二,向阿喀琉斯商议骗取金羊毛,与阿喀琉斯商讨如何夺取伊阿宋的金羊毛,,"[{""obj"":100417,""num"":100494}]",0,100493,,,100495,4,,,,5130,26300,1,999,
100522,,1,5,10,100417,100401,3000,,金羊毛计划三,成功骗取伊阿宋的金羊毛,带着雅典王的金腰刀设法骗取伊阿宋,,"[{""obj"":100401,""num"":100498}]",0,100497,,,100499,4,,,,5160,26600,1,999,
100523,,1,5,10,100401,100410,3000,,金羊毛计划四,将金羊毛交给布里塞伊斯,金羊毛已经到手了，交给布里塞伊斯吧,,"[{""obj"":100410,""num"":100502}]",0,100501,,,100503,4,,,,5190,26900,1,999,
100524,,1,5,5,100410,100410,3009,,吸引蜃龙真身,破解蜃龙真身,在普通魔龙地牢破解蜃龙真身,,"[{""obj"":30090,""num"":1}]",0,100505,,,100506,4,,,,5220,27200,1,999,
100525,,1,5,5,100410,100410,3007,,驱除邪恶一,通关困难狮鹫遗迹,在困难狮鹫遗迹压制魔物力量,,"[{""obj"":30071,""num"":1}]",1,104013,,,104014,4,,,,5250,27500,1,999,
100526,,1,5,5,100410,100410,3008,,驱除邪恶二,通关困难迷幻烟漠,在困难迷幻烟漠压制魔物力量,,"[{""obj"":30081,""num"":1}]",1,104015,,,104016,4,,,,5280,27800,1,999,
100527,,1,5,5,100410,100410,3009,,驱除邪恶三,通关困难魔龙地牢,在困难魔龙地牢压制魔物力量,,"[{""obj"":30091,""num"":1}]",1,104017,,,104018,4,,,,5310,28100,1,999,
100528,,1,5,5,100410,100410,3010,,确认情况,对堤丰地牢进行探查,布里塞伊斯让我到堤丰地牢里确认情况,,"[{""obj"":30100,""num"":1}]",0,100508,,,100509,4,,,,5340,28400,1,999,
100529,,1,5,5,100410,100410,3010,,破坏魔镜,通关困难堤丰地牢,在困难堤丰地牢将魔镜破坏,,"[{""obj"":30101,""num"":1}]",1,104019,,,104020,4,,,,5380,28800,1,999,
100530,,1,5,5,100410,100410,3011,,杀掉美狄亚,将美狄亚彻底杀死,这是将一切结束的时候了，用刀刃结束彻底结束美狄亚,美狄亚安息,"[{""obj"":30110,""num"":1}]",0,100511,,,100513,4,,,,5420,29200,1,999,
100531,,1,6,10,100410,100401,3000,,惩罚,前去惩罚伊阿宋,惩罚始乱终弃的伊阿宋,,"[{""obj"":100401,""num"":100516}]",0,100515,,,100517,4,,,,5460,29600,1,999,
100532,,1,6,10,100401,100410,3000,,终结,告诉布里塞伊斯残酷的结局,将事情的起始向布里塞伊斯汇报,,"[{""obj"":100410,""num"":100519}]",0,100518,,,100520,4,,,,5500,30000,1,999,
100601,,1,6,10,100410,100405,3000,,会面,与赫克托耳会面,事情终于有转机，快去和特洛伊王子会面吧,,"[{""obj"":100405,""num"":100521}]",0,100527,,,100522,4,,,,5530,30300,1,999,
100602,,1,6,5,100405,100405,3012,,追踪,到普通血池迷宫追踪海伦下落,海伦的下落不明，尝试穿过血池迷宫找到她。,,"[{""obj"":30120,""num"":1}]",0,100524,,,100526,4,,,,5560,30600,1,999,
100603,,1,6,5,100405,100405,3013,,消灭残党,通关普通腐烂血池,为了保证特洛伊城的安全，将腐烂血池里的残党清除掉。,,"[{""obj"":30130,""num"":1}]",0,100528,,,100529,4,,,,5590,30900,1,999,
100604,,1,6,10,100405,100411,3000,,帮助,帮助波吕克赛娜,波吕克赛娜好像知道了海伦的下一步举动，去找她吧,,"[{""obj"":100411,""num"":100532}]",0,100531,,,100533,4,,,,5620,31200,1,999,
100605,,1,6,10,100411,100410,3000,,寻找位置,找布里塞伊斯帮忙,让布里塞伊斯协助找到地下魔法阵的位置,,"[{""obj"":100410,""num"":100536}]",0,100535,,,100537,4,,,,5650,31500,1,999,
100606,,1,6,5,100410,100410,3014,,收集媒介,在普通千重炼狱收集死亡铠甲,在普通千重炼狱收集幻影之魂的铠甲作为媒介追寻魔法阵,,"[{""obj"":30140,""num"":1}]",0,100539,,,100540,4,,,,5680,31800,1,999,
100607,,1,6,5,100410,100410,3012,,收集灵魂一,通关困难血池迷宫,猎取困难血池迷宫的灵魂,,"[{""obj"":30121,""num"":1}]",1,104021,,,104022,4,,,,5710,32100,1,999,
100608,,1,6,5,100410,100410,3013,,收集灵魂二,通关困难腐烂血池,猎取困难腐烂血池的灵魂,,"[{""obj"":30131,""num"":1}]",1,104023,,,104024,4,,,,5740,32400,1,999,
100609,,1,6,5,100410,100410,3014,,收集灵魂三,通关困难千重炼狱,猎取困难千重炼狱的灵魂,,"[{""obj"":30141,""num"":1}]",1,104025,,,104026,4,,,,5770,32700,1,999,
100610,,1,6,5,100410,100410,3015,,绘画魔法阵,普通献祭之地里绘画魔法阵,献祭之地里绘画魔法阵,,"[{""obj"":30150,""num"":1}]",0,100542,,,100543,4,,,,5800,33000,1,999,
100611,,1,6,5,100410,100410,3016,,破坏魔法阵,将普通恶魔之巢的魔法阵破坏,破坏海伦设下的魔法阵,,"[{""obj"":30160,""num"":1}]",0,100545,,,100546,4,,,,5830,33300,1,999,
100612,,1,6,10,100410,100404,3000,,敲醒帕里斯,将帕里斯从幻想中敲醒,让帕里斯清醒点，不要再迷恋暗黑圣杯的化身,,"[{""obj"":100404,""num"":100549}]",0,100548,,,100550,4,,,,5860,33600,1,999,
100613,,1,6,10,100404,100411,3000,,证据,索取海伦身份的证据,询问卡珊德拉有关海伦身份的证据,,"[{""obj"":100411,""num"":100553}]",0,100552,,,100554,4,,,,5890,33900,1,999,
100614,,1,6,10,100411,100404,3000,,揭露,在帕里斯面前使用红石坠饰,在帕里斯面前催动咒语，重现海伦献祭死者的画面,,"[{""obj"":100404,""num"":100557}]",0,100556,,,100558,4,,,,5920,34200,1,999,
100615,,1,6,10,100404,100405,3000,,询问战况,向赫克托耳了解战况,特洛伊城外的战争好像打响了，向赫克托耳了解战况。,,"[{""obj"":100405,""num"":100561}]",0,100560,,,100562,4,,,,5950,34500,1,999,
100616,,1,6,5,100405,100405,3017,,查探战况,到普通乱石战场查探亡灵行踪,城外的亡灵军队在集结，我必须前往普通乱石战场查探战况。,,"[{""obj"":30170,""num"":1}]",0,100564,,,100564,4,,,,5980,34800,1,999,
100617,,1,6,5,100405,100405,3015,,破坏通道一,通关困难献祭之地,前往困难献祭之地破坏通道,,"[{""obj"":30151,""num"":1}]",1,104027,,,104028,4,,,,6010,35100,1,999,
100618,,1,6,5,100405,100405,3016,,破坏通道二,通关困难恶魔之巢,前往困难恶魔之巢破坏通道,,"[{""obj"":30161,""num"":1}]",1,104029,,,104030,4,,,,6040,35400,1,999,
100619,,1,6,5,100405,100405,3017,,破坏通道三,通关困难乱世战场,前往困难乱世战场破坏通道,,"[{""obj"":30171,""num"":1}]",1,104031,,,104032,4,,,,6070,35700,1,999,
100620,,1,6,10,100405,100417,3000,,结盟,找阿喀琉斯结盟,带着赫克托耳的口信去找阿喀琉斯结盟,,"[{""obj"":100417,""num"":100568}]",0,100567,,,100569,4,,,,6100,36000,1,999,
100621,,1,6,5,100417,100417,3018,,无限杀戮,在辉煌战谷将亡灵大军杀干净,让这些人和解也真麻烦，没办法了，将辉煌战谷的军队全部杀了吧,,"[{""obj"":30180,""num"":1}]",0,100571,,,100572,4,,,,6130,36300,1,999,
100622,,1,6,5,100417,100417,3019,,镇魂仪式,在流放之漠启动镇魂阵,在乱石战场特定位置使用,,"[{""obj"":30190,""num"":1}]",0,100574,,,100575,4,,,,6160,36600,1,999,
100623,,1,6,10,100417,100405,3000,,准备战争,通知赫克托耳调动军队,让赫克托耳做好战争准备,,"[{""obj"":100405,""num"":100578}]",0,100577,,,100579,4,,,,6190,36900,1,999,
100624,,1,6,5,100405,100407,3020,,剿杀,通关普通诅咒之漠,战争已经开始了，在普通诅咒之漠协助联盟军对抗死灵军队吧,,"[{""obj"":30200,""num"":1}]",0,100581,,,100582,4,,,,6220,37200,1,999,
100625,,1,6,5,100407,100407,3018,,打扫战场一,通关困难辉煌战谷,在困难辉煌战谷杀戮魔物,,"[{""obj"":30181,""num"":1}]",1,104033,,,104034,4,,,,6250,37500,1,999,
100626,,1,6,5,100407,100407,3019,,打扫战场二,通关困难流放之漠,在困难流放之漠杀戮魔物,,"[{""obj"":30191,""num"":1}]",1,104035,,,104036,4,,,,6280,37800,1,999,
100627,,1,6,5,100407,100407,3020,,打扫战场三,通关困难诅咒之漠,在困难诅咒之漠杀戮魔物,,"[{""obj"":30201,""num"":1}]",1,104037,,,104038,4,,,,6310,38100,1,999,
100628,,1,6,5,100407,100406,3021,,继续剿杀,通关普通遗忘古城,第二场战争继续进行，对亡灵大军进行剿杀,,"[{""obj"":30210,""num"":1}]",0,100584,,,100585,4,,,,6340,38400,1,999,
100629,,1,6,5,100406,100405,3022,,最后剿杀,通关普通旧城遗迹,这是最后的一场战争，让海伦的亡灵军队彻底消失,,"[{""obj"":30220,""num"":1}]",0,100587,,,100588,4,,,,6370,38700,1,999,
100630,,1,6,5,100405,100405,3021,,追击一,通关困难遗忘古城,在困难遗忘古城进行杀戮,,"[{""obj"":30211,""num"":1}]",1,104039,,,104040,4,,,,6400,39000,1,999,
100631,,1,6,5,100405,100405,3022,,追击二,通关困难旧城遗迹,在困难旧城遗迹进行杀戮,,"[{""obj"":30221,""num"":1}]",1,104041,,,104042,4,,,,6430,39300,1,999,
100632,,1,6,10,100405,100411,3000,,暗之匕首,从卡珊德拉那里拿暗之匕首,找卡珊德拉拿可以杀死海伦的暗之匕首,,"[{""obj"":100411,""num"":100591}]",0,100590,,,100592,4,,,,6460,39600,1,999,
100633,,1,6,5,100411,100411,3023,,终结之地,将海伦杀死,是将海伦终结的时候了,,"[{""obj"":30230,""num"":1}]",0,100594,,,100600,4,,,,6500,40000,1,999,
100701,,1,7,10,100411,100320,4000,,再一次启程,与雅典娜到莱斯博斯岛,与雅典娜到莱斯波斯岛继续调查圣杯下落,,"[{""obj"":100320,""num"":107002}]",0,107001,,,107003,4,,,,6600,40400,1,999,
100702,,1,7,10,100320,100301,4000,,新的征途,在莱斯博斯岛与雅典娜见面,向小岛上的人调查莱斯博斯岛的石像情况。,,"[{""obj"":100301,""num"":107006}]",0,107005,,,107007,4,,,,6700,40800,1,999,
100703,,1,7,10,100301,100301,4000,,蛇妖与牛,听完蛇妖与牛的故事,听珀尔修斯讲述莱斯博斯岛的情况,,"[{""obj"":100301,""num"":107010}]",0,107009,,,107011,4,,,,6800,41200,1,999,
100704,,1,7,10,100301,100311,4000,,诅咒,向伊芙琳了解诅咒进展,向伊芙琳了解美杜莎诅咒进展 ,,"[{""obj"":100311,""num"":107014}]",0,107013,,,107015,4,,,,6900,41600,1,999,
100705,,1,7,5,100311,100311,4001,,精灵草,通关普通精灵幻境,到精灵幻境中采集解咒的精灵药草,你采集到了精灵药草,"[{""obj"":40010,""num"":1}]",0,107017,,,107018,4,,,,7000,42000,1,999,
100706,,1,7,5,100311,100311,4002,,维持呼吸,通关普通不沉之月,到不沉之月中采集月薇草,你采集到了月薇草,"[{""obj"":40020,""num"":1}]",0,107020,,,107021,4,,,,7100,42400,1,999,
100707,,1,7,5,100311,100311,4003,,月女神之梦,通关普通月女神之梦,到月女神之梦中采集梦幻石,你采集到了梦幻石,"[{""obj"":40030,""num"":1}]",0,107023,,,107024,4,,,,7200,42800,1,999,
100708,,1,7,5,100311,100311,4001,,带回石像,通关困难精灵幻境,在精灵幻境中将部分变为石像的村民带回,你带回了变为石像的村民,"[{""obj"":40011,""num"":1}]",1,107026,,,107027,4,,,,7300,43200,1,999,
100709,,1,7,5,100311,100311,4002,,杀戮之月,通关困难不沉之月,到不沉之月中采集杀戮之月的晶体,你得到了杀戮之月晶体,"[{""obj"":40021,""num"":1}]",1,107029,,,107030,4,,,,7400,43600,1,999,
100710,,1,7,5,100311,100311,4003,,创世之月,通关困难月女神之梦,到月女神之梦中采集创世之月晶体,你得到了创世之月晶体,"[{""obj"":40031,""num"":1}]",1,107032,,,107033,4,,,,7500,44000,1,999,
100711,,1,7,5,100311,100311,4004,,毒药采集,通关普通娜迦故乡,到娜迦故乡中采集可制成毒药的植物,你发现了几种可制成毒药的植物,"[{""obj"":40040,""num"":1}]",0,107035,,,107036,4,,,,7600,44400,1,999,
100712,,1,7,5,100311,100311,4005,,下毒者足迹,通关普通落日原野,到落日原野中搜寻下毒者的线索,你发现了森林中其他人的脚印,"[{""obj"":40050,""num"":1}]",0,107038,,,107039,4,,,,7700,44800,1,999,
100713,,1,7,10,100311,100310,4000,,引敌,在城里售卖葫蔓藤,在城里售卖葫蔓藤,,"[{""obj"":100310,""num"":107042}]",0,107041,,,107043,4,,,,7800,45200,1,999,
100714,,1,7,5,100310,100310,4006,,半枝莲,通关普通阴冷沼泽,配合吉尔杀人，在阴冷沼泽中采集半枝莲,,"[{""obj"":40060,""num"":1}]",0,107045,,,107046,4,,,,7900,45600,1,999,
100715,,1,7,5,100310,100310,4004,,调配药材,通关困难娜迦故乡,为吉尔到娜迦故乡中采集最后调配用的药材,,"[{""obj"":40041,""num"":1}]",1,107048,,,107049,4,,,,8000,46000,1,999,
100716,,1,7,10,100310,100311,4000,,时机,告诉伊芙琳真正的下毒者,告诉伊芙琳下毒者是谁,,"[{""obj"":100311,""num"":107052}]",0,107051,,,107053,4,,,,8100,46400,1,999,
100717,,1,7,5,100311,100311,4005,,魔镜一,通关困难落日原野,在落日原野找到魔镜重现吉尔投毒过程,,"[{""obj"":40051,""num"":1}]",1,107055,,,107056,4,,,,8200,46800,1,999,
100718,,1,7,5,100311,100309,4006,,魔镜二,通关困难阴冷沼泽,在阴冷沼泽中复原魔镜,,"[{""obj"":40061,""num"":1}]",1,107058,,,107059,4,,,,8300,47200,1,999,
100719,,1,7,10,100309,100309,4000,,展示阴谋,告诉克素托斯真相,向克素托斯展示下毒者身份,,"[{""obj"":100309,""num"":107062}]",0,107061,,,107063,4,,,,8400,47600,1,999,
100720,,1,7,10,100309,100306,4000,,化解仇恨,化解伊翁和克瑞乌萨的仇恨,化解伊翁和克瑞乌萨之间的仇怨,,"[{""obj"":100306,""num"":107066}]",0,107065,,,107067,4,,,,8500,48000,1,999,
100721,,1,7,5,100306,100306,4007,,阿波罗神像,通关普通言灵山丘,在言灵山丘中将阿波罗神像带回来,,"[{""obj"":40070,""num"":1}]",0,107068,,,107069,4,,,,8600,48400,1,999,
100722,,1,7,5,100306,100306,4008,,太阳神圣火,通关普通千尸魔沼,在千尸魔沼中采集太阳圣火,,"[{""obj"":40080,""num"":1}]",0,107071,,,107072,4,,,,8700,48800,1,999,
100723,,1,7,10,100306,100308,4000,,歉意,让克瑞乌萨向伊翁道歉,让克瑞乌萨向伊翁道歉,,"[{""obj"":100308,""num"":107075}]",0,107074,,,107076,4,,,,8800,49200,1,999,
100724,,1,7,10,100308,100311,4000,,揭破,告知伊芙琳无法解开心结,告诉伊芙琳，无法解开这两个人的心结,,"[{""obj"":100311,""num"":107079}]",0,107078,,,107080,4,,,,8900,49600,1,999,
100725,,1,7,10,100311,100311,4000,,真相,听伊芙琳诉说真相,听伊芙琳诉说两人之间的真相,,"[{""obj"":100311,""num"":107082}]",0,107081,,,107083,4,,,,9000,50000,1,999,
100726,,1,7,5,100311,100311,4009,,戈尔工麻布,通关普通猛兽洞穴,到猛兽洞穴中采集麻布来作为证据,你得到了戈尔工的麻布,"[{""obj"":40090,""num"":1}]",0,107085,,,107086,4,,,,9100,50500,1,999,
100727,,1,7,5,100311,100311,4007,,金龙项链,通关困难言灵山丘,到言灵山丘中找金龙项链作为证据,你得到了金龙项链,"[{""obj"":40071,""num"":1}]",1,107088,,,107089,4,,,,9200,51000,1,999,
100728,,1,7,5,100311,100311,4008,,橄榄叶花环,通关困难千尸魔沼,到千尸魔沼找橄榄叶花环作为证据,你得到了橄榄叶花环,"[{""obj"":40081,""num"":1}]",1,107091,,,107092,4,,,,9300,51500,1,999,
100729,,1,7,10,100311,100306,4000,,证据,将证据带给伊翁,将证据带给伊翁,,"[{""obj"":100306,""num"":107095}]",0,107094,,,107096,4,,,,9400,52000,1,999,
100730,,1,7,10,100306,100308,4000,,心如蛇蝎,替伊翁考问克瑞乌萨,替伊翁考问克瑞乌萨,,"[{""obj"":100308,""num"":107099}]",0,107098,,,107100,4,,,,9500,52500,1,999,
100731,,1,7,10,100308,100306,4000,,宽恕,帮克瑞乌萨求得原谅,帮克瑞乌萨求得伊翁原谅,,"[{""obj"":100306,""num"":107103}]",0,107102,,,107104,4,,,,9600,53000,1,999,
100732,,1,7,5,100306,100306,4009,,百合花,通关困难猛兽洞穴,为伊翁到猛兽洞穴中采集百合花送给克瑞乌萨,你采集到了百合花,"[{""obj"":40091,""num"":1}]",1,107106,,,107107,4,,,,9700,53500,1,999,
100733,,1,7,10,100306,100301,4000,,断罪圣剑,将圣剑交给珀尔修斯,将断罪圣剑交给珀尔修斯,,"[{""obj"":100301,""num"":107110}]",0,107109,,,107111,4,,,,9800,54000,1,999,
100734,,1,7,5,100301,100301,4010,,蛇影,通关普通蛇穴外部,搜索蛇穴外部,,"[{""obj"":40100,""num"":1}]",0,107113,,,107114,4,,,,9900,54500,1,999,
100735,,1,7,5,100301,100301,4011,,漆黑通道,通关普通蛇穴内部,搜索蛇穴内部,你注意到了尽头有一条漆黑通道,"[{""obj"":40110,""num"":1}]",0,107116,,,107117,4,,,,10000,55000,1,999,
100736,,1,7,5,100301,100301,4010,,血印,通关困难蛇穴外部,在蛇穴外部破坏掉血印一部分,,"[{""obj"":40101,""num"":1}]",1,107119,,,107120,4,,,,10100,55500,1,999,
100737,,1,7,5,100301,100301,4011,,冥王之左手,通关困难蛇穴内部,在蛇穴内部破坏掉血印一部分,,"[{""obj"":40111,""num"":1}]",1,107122,,,107123,4,,,,10200,56000,1,999,
100738,,1,7,5,100301,100301,4012,,圣杯契约,前往击杀美杜莎,前往击杀美杜莎,,"[{""obj"":40120,""num"":1}]",0,107125,,,107126,4,,,,10300,56500,1,999,
100739,80,1,7,10,100301,100321,4000,,依莉亚,去见一见依莉亚,去见一见依莉亚,,"[{""obj"":100321,""num"":107129}]",0,107128,,,107130,4,,,,10400,57000,1,999,
300214,,2,2,5,100222,100222,2012,,英雄王遗迹一,通关困难英雄王遗迹,通关困难英雄王遗迹,,"[{""obj"":20121,""num"":1}]",1,302000,,,300053,4,,,,1000,3300,1,999,
300215,,2,2,5,100222,100222,2001,,精英城外荒漠,通关精英城外荒漠,通关精英城外荒漠,,"[{""obj"":20012,""num"":1}]",2,302001,,,300053,4,,,,1100,3600,1,999,
300216,,2,2,5,100222,100222,2002,,精英流沙凶漠,通关精英流沙凶漠,通关精英流沙凶漠,,"[{""obj"":20022,""num"":1}]",2,302002,,,300053,4,,,,1200,3900,1,999,
300217,,2,2,5,100222,100222,2003,,精英荒芜古路,通关精英荒芜古路,通关精英荒芜古路,,"[{""obj"":20032,""num"":1}]",2,302003,,,300053,4,,,,1300,4200,1,999,
300218,,2,2,5,100222,100222,2004,,精英古墓地宫,通关精英古墓地宫,通关精英古墓地宫,,"[{""obj"":20042,""num"":1}]",2,302004,,,300053,4,,,,1400,4500,1,999,
300219,,2,2,5,100222,100222,2005,,精英黑暗地宫,通关精英黑暗地宫,通关精英黑暗地宫,,"[{""obj"":20052,""num"":1}]",2,302005,,,300053,4,,,,1500,4800,1,999,
300220,,2,2,5,100222,100222,2006,,精英皇家陵墓,通关精英皇家陵墓,通关精英皇家陵墓,,"[{""obj"":20062,""num"":1}]",2,302006,,,300053,4,,,,1600,5100,1,999,
300221,,2,2,5,100222,100222,2007,,精英乱葬荒野,通关精英乱葬荒野,通关精英乱葬荒野,,"[{""obj"":20072,""num"":1}]",2,302007,,,300053,4,,,,1700,5400,1,999,
300222,,2,2,5,100222,100222,2008,,精英烽火战场,通关精英烽火战场,通关精英烽火战场,,"[{""obj"":20082,""num"":1}]",2,302008,,,300053,4,,,,1800,5700,1,999,
300223,,2,2,5,100222,100222,2009,,精英诀别之谷,通关精英诀别之谷,通关精英诀别之谷,,"[{""obj"":20092,""num"":1}]",2,302009,,,300053,4,,,,1900,6000,1,999,
300224,,2,2,5,100222,100222,2010,,精英毒气沼泽,通关精英毒气沼泽,通关精英毒气沼泽,,"[{""obj"":20102,""num"":1}]",2,302010,,,300053,4,,,,2000,6300,1,999,
300225,,2,2,5,100222,100222,2011,,精英荆棘水野,通关精英荆棘水野,通关精英荆棘水野,,"[{""obj"":20112,""num"":1}]",2,302011,,,300053,4,,,,2100,6600,1,999,
300226,,2,2,5,100222,100222,2012,,英雄王遗迹二,通关精英英雄王遗迹,通关精英英雄王遗迹,,"[{""obj"":20122,""num"":1}]",2,302012,,,300053,4,,,,2200,6900,1,999,
300300,,2,2,5,100011,100011,1021,,困难神石遗迹,通关困难神石遗迹,通关困难神石遗迹,,"[{""obj"":10211,""num"":1}]",1,303000,,,300327,4,,,,2300,8000,1,999,
300301,,2,3,5,100011,100011,1009,,精英迷烟森林,通关精英迷烟森林,通关精英迷烟森林,,"[{""obj"":10092,""num"":1}]",2,303001,,,300327,4,,,,2400,8400,1,999,
300302,,2,3,5,100011,100011,1010,,精英日炎之森,通关精英日炎之森,通关精英日炎之森,,"[{""obj"":10102,""num"":1}]",2,303002,,,300327,4,,,,2500,8800,1,999,
300303,,2,3,5,100011,100011,1011,,精英神佑圣地,通关精英神佑圣地,通关精英神佑圣地,,"[{""obj"":10112,""num"":1}]",2,303003,,,300327,4,,,,2600,9200,1,999,
300304,,2,3,5,100011,100011,1012,,精英妖精丛林,通关精英妖精丛林,通关精英妖精丛林,,"[{""obj"":10122,""num"":1}]",2,303004,,,300327,4,,,,2700,9600,1,999,
300305,,2,3,5,100011,100011,1013,,精英暗黑之地,通关精英暗黑之地,通关精英暗黑之地,,"[{""obj"":10132,""num"":1}]",2,303005,,,300327,4,,,,2800,10000,1,999,
300306,,2,3,5,100011,100011,1014,,精英月野星踪,通关精英月野星踪,通关精英月野星踪,,"[{""obj"":10142,""num"":1}]",2,303006,,,300327,4,,,,2900,10400,1,999,
300307,,2,3,5,100011,100011,1015,,精英漆黑亡坟,通关精英漆黑亡坟,通关精英漆黑亡坟,,"[{""obj"":10152,""num"":1}]",2,303007,,,300327,4,,,,3000,10800,1,999,
300308,,2,3,5,100011,100011,1016,,精英嚎哭之山,通关精英嚎哭之山,通关精英嚎哭之山,,"[{""obj"":10162,""num"":1}]",2,303008,,,300327,4,,,,3100,11200,1,999,
300309,,2,3,5,100011,100011,1017,,精英禁忌地带,通关精英禁忌地带,通关精英禁忌地带,,"[{""obj"":10172,""num"":1}]",2,303009,,,300327,4,,,,3200,11600,1,999,
300310,,2,3,5,100011,100011,1018,,精英恶魔梦境,通关精英恶魔梦境,通关精英恶魔梦境,,"[{""obj"":10182,""num"":1}]",2,303010,,,300327,4,,,,3300,12000,1,999,
300311,,2,3,5,100011,100011,1019,,精英腐毒泥路,通关精英腐毒泥路,通关精英腐毒泥路,,"[{""obj"":10192,""num"":1}]",2,303011,,,300327,4,,,,3400,12400,1,999,
300312,,2,3,5,100011,100011,1020,,精英藤蔓古城,通关精英藤蔓古城,通关精英藤蔓古城,,"[{""obj"":10202,""num"":1}]",2,303012,,,300327,4,,,,3500,12800,1,999,
300313,,2,3,5,100011,100011,1021,,精英神石遗迹,通关精英神石遗迹,通关精英神石遗迹,,"[{""obj"":10212,""num"":1}]",2,303013,,,300327,4,,,,3600,13200,1,999,
300314,,2,4,5,100222,100222,2025,,困难沉星遗迹,通关困难沉星遗迹,通关困难沉星遗迹,,"[{""obj"":20251,""num"":1}]",1,304014,,,300053,4,,,,3700,14000,1,999,
300401,,2,4,5,100222,100222,2013,,精英绝迹大漠,通关精英绝迹大漠,通关精英绝迹大漠,,"[{""obj"":20132,""num"":1}]",2,304001,,,300053,4,,,,3800,14600,1,999,
300402,,2,4,5,100222,100222,2014,,精英遗忘绿洲,通关精英遗忘绿洲,通关精英遗忘绿洲,,"[{""obj"":20142,""num"":1}]",2,304002,,,300053,4,,,,3900,15200,1,999,
300403,,2,4,5,100222,100222,2015,,精英惊悚原野,通关精英惊悚原野,通关精英惊悚原野,,"[{""obj"":20152,""num"":1}]",2,304003,,,300053,4,,,,4000,15800,1,999,
300404,,2,4,5,100222,100222,2016,,精英虫洞绿洲,通关精英虫洞绿洲,通关精英虫洞绿洲,,"[{""obj"":20162,""num"":1}]",2,304004,,,300053,4,,,,4100,16400,1,999,
300405,,2,4,5,100222,100222,2017,,精英落日之原,通关精英落日之原,通关精英落日之原,,"[{""obj"":20172,""num"":1}]",2,304005,,,300053,4,,,,4200,17000,1,999,
300406,,2,4,5,100222,100222,2018,,精英风暴悬崖,通关精英风暴悬崖,通关精英风暴悬崖,,"[{""obj"":20182,""num"":1}]",2,304006,,,300053,4,,,,4300,17600,1,999,
300407,,2,4,5,100222,100222,2019,,精英战争林道,通关精英战争林道,通关精英战争林道,,"[{""obj"":20192,""num"":1}]",2,304007,,,300053,4,,,,4400,18200,1,999,
300408,,2,4,5,100222,100222,2020,,精英时空裂谷,通关精英时空裂谷,通关精英时空裂谷,,"[{""obj"":20202,""num"":1}]",2,304008,,,300053,4,,,,4500,18800,1,999,
300409,,2,4,5,100222,100222,2021,,精英祭神之路,通关精英祭神之路,通关精英祭神之路,,"[{""obj"":20212,""num"":1}]",2,304009,,,300053,4,,,,4600,19400,1,999,
300410,,2,4,5,100222,100222,2022,,精英寂静荒原,通关精英寂静荒原,通关精英寂静荒原,,"[{""obj"":20222,""num"":1}]",2,304010,,,300053,4,,,,4700,20000,1,999,
300411,,2,4,5,100222,100222,2023,,精英精灵故居,通关精英精灵故居,通关精英精灵故居,,"[{""obj"":20232,""num"":1}]",2,304011,,,300053,4,,,,4800,20600,1,999,
300412,,2,4,5,100222,100222,2024,,精英死亡大漠,通关精英死亡大漠,通关精英死亡大漠,,"[{""obj"":20242,""num"":1}]",2,304012,,,300053,4,,,,4900,21200,1,999,
300413,,2,4,5,100222,100222,2025,,精英沉星遗迹,通关精英沉星遗迹,通关精英沉星遗迹,,"[{""obj"":20252,""num"":1}]",2,304013,,,300053,4,,,,5000,21800,1,999,
300501,,2,5,5,100425,100425,3011,,困难虚空之门,通关困难虚空之门,通关困难虚空之门,,"[{""obj"":30111,""num"":1}]",1,104043,,,104069,4,,,,5100,23000,1,999,
300502,,2,5,5,100425,100425,3001,,精英地牢密道,通关精英地牢密道,通关精英地牢密道,,"[{""obj"":30012,""num"":1}]",2,104044,,,104069,4,,,,5200,23800,1,999,
300503,,2,5,5,100425,100425,3002,,精英废弃地牢,通关精英废弃地牢,通关精英废弃地牢,,"[{""obj"":30022,""num"":1}]",2,104045,,,104069,4,,,,5300,24600,1,999,
300504,,2,5,5,100425,100425,3003,,精英巨人地牢,通关精英巨人地牢,通关精英巨人地牢,,"[{""obj"":30032,""num"":1}]",2,104046,,,104069,4,,,,5400,25400,1,999,
300505,,2,5,5,100425,100425,3004,,精英翼兽地牢,通关精英翼兽地牢,通关精英翼兽地牢,,"[{""obj"":30042,""num"":1}]",2,104047,,,104069,4,,,,5500,26200,1,999,
300506,,2,5,5,100425,100425,3005,,精英奇美拉地牢,通关精英奇美拉地牢,通关精英奇美拉地牢,,"[{""obj"":30052,""num"":1}]",2,104048,,,104069,4,,,,5600,27000,1,999,
300507,,2,5,5,100425,100425,3006,,精英龙卫地牢,通关精英龙卫地牢,通关精英龙卫地牢,,"[{""obj"":30062,""num"":1}]",2,104049,,,104069,4,,,,5700,27800,1,999,
300508,,2,5,5,100425,100425,3007,,精英狮鹫地牢,通关精英狮鹫地牢,通关精英狮鹫地牢,,"[{""obj"":30072,""num"":1}]",2,104050,,,104069,4,,,,5800,28600,1,999,
300509,,2,5,5,100425,100425,3008,,精英海蛇地牢,通关精英海蛇地牢,通关精英海蛇地牢,,"[{""obj"":30082,""num"":1}]",2,104051,,,104069,4,,,,5900,29400,1,999,
300510,,2,5,5,100425,100425,3009,,精英魔龙地牢,通关精英魔龙地牢,通关精英魔龙地牢,,"[{""obj"":30092,""num"":1}]",2,104052,,,104069,4,,,,6000,30200,1,999,
300511,,2,5,5,100425,100425,3010,,精英堤丰地牢,通关精英堤丰地牢,通关精英堤丰地牢,,"[{""obj"":30102,""num"":1}]",2,104053,,,104069,4,,,,6100,31000,1,999,
300512,,2,5,5,100425,100425,3011,,精英虚空之门,通关精英虚空之门,通关精英虚空之门,,"[{""obj"":30112,""num"":1}]",2,104054,,,104069,4,,,,6200,31800,1,999,
300601,,2,6,5,100425,100425,3023,,困难终结之地,通关困难终结之地,通关困难终结之地,,"[{""obj"":30231,""num"":1}]",1,104056,,,104069,4,,,,6300,33000,1,999,
300602,,2,6,5,100425,100425,3012,,精英血池迷宫,通关精英血池迷宫,通关精英血池迷宫,,"[{""obj"":30122,""num"":1}]",2,104057,,,104069,4,,,,6400,34000,1,999,
300603,,2,6,5,100425,100425,3013,,精英腐烂血池,通关精英腐烂血池,通关精英腐烂血池,,"[{""obj"":30132,""num"":1}]",2,104058,,,104069,4,,,,6500,35000,1,999,
300604,,2,6,5,100425,100425,3014,,精英千重炼狱,通关精英千重炼狱,通关精英千重炼狱,,"[{""obj"":30142,""num"":1}]",2,104059,,,104069,4,,,,6600,36000,1,999,
300605,,2,6,5,100425,100425,3015,,精英献祭之地,通关精英献祭之地,通关精英献祭之地,,"[{""obj"":30152,""num"":1}]",2,104060,,,104069,4,,,,6700,37000,1,999,
300606,,2,6,5,100425,100425,3016,,精英恶魔之巢,通关精英恶魔之巢,通关精英恶魔之巢,,"[{""obj"":30162,""num"":1}]",2,104061,,,104069,4,,,,6800,38000,1,999,
300607,,2,6,5,100425,100425,3017,,精英乱石战场,通关精英乱石战场,通关精英乱石战场,,"[{""obj"":30172,""num"":1}]",2,104062,,,104069,4,,,,6900,39000,1,999,
300608,,2,6,5,100425,100425,3018,,精英辉煌战谷,通关精英辉煌战谷,通关精英辉煌战谷,,"[{""obj"":30182,""num"":1}]",2,104063,,,104069,4,,,,7000,40000,1,999,
300609,,2,6,5,100425,100425,3019,,精英流放之漠,通关精英流放之漠,通关精英流放之漠,,"[{""obj"":30192,""num"":1}]",2,104064,,,104069,4,,,,7100,41000,1,999,
300610,,2,6,5,100425,100425,3020,,精英诅咒之漠,通关精英诅咒之漠,通关精英诅咒之漠,,"[{""obj"":30202,""num"":1}]",2,104065,,,104069,4,,,,7200,42000,1,999,
300611,,2,6,5,100425,100425,3021,,精英遗忘古城,通关精英遗忘古城,通关精英遗忘古城,,"[{""obj"":30212,""num"":1}]",2,104066,,,104069,4,,,,7300,43000,1,999,
300612,,2,6,5,100425,100425,3022,,精英旧城遗迹,通关精英旧城遗迹,通关精英旧城遗迹,,"[{""obj"":30222,""num"":1}]",2,104067,,,104069,4,,,,7400,44000,1,999,
300613,,2,6,5,100425,100425,3023,,精英终结之地,通关精英终结之地,通关精英终结之地,,"[{""obj"":30232,""num"":1}]",2,104068,,,104069,4,,,,7500,45000,1,999,
300701,,2,7,5,100322,100322,4012,,困难蛇穴祭坛,通关困难蛇穴祭坛,通关困难蛇穴祭坛,,"[{""obj"":40121,""num"":1}]",1,107134,,,107147,4,,,,8000,47000,1,1,
300702,,2,7,5,100322,100322,4001,,精英精灵幻境,通关精英精灵幻境,通关精英精灵幻境,,"[{""obj"":40012,""num"":1}]",2,107135,,,107147,4,,,,8400,48500,1,1,
300703,,2,7,5,100322,100322,4002,,精英不沉之月,通关精英不沉之月,通关精英不沉之月,,"[{""obj"":40022,""num"":1}]",2,107136,,,107147,4,,,,8800,50000,1,1,
300704,,2,7,5,100322,100322,4003,,精英月女神之梦,通关精英月女神之梦,通关精英月女神之梦,,"[{""obj"":40032,""num"":1}]",2,107137,,,107147,4,,,,9200,51500,1,1,
300705,,2,7,5,100322,100322,4004,,精英娜迦故乡,通关精英娜迦故乡,通关精英娜迦故乡,,"[{""obj"":40042,""num"":1}]",2,107138,,,107147,4,,,,9600,53000,1,1,
300706,,2,7,5,100322,100322,4005,,精英落日原野,通关精英落日原野,通关精英落日原野,,"[{""obj"":40052,""num"":1}]",2,107139,,,107147,4,,,,10000,54500,1,1,
300707,,2,7,5,100322,100322,4006,,精英阴冷沼泽,通关精英阴冷沼泽,通关精英阴冷沼泽,,"[{""obj"":40062,""num"":1}]",2,107140,,,107147,4,,,,10400,56000,1,1,
300708,,2,7,5,100322,100322,4007,,精英言灵山丘,通关精英言灵山丘,通关精英言灵山丘,,"[{""obj"":40072,""num"":1}]",2,107141,,,107147,4,,,,10800,57500,1,1,
300709,,2,7,5,100322,100322,4008,,精英千尸魔沼,通关精英千尸魔沼,通关精英千尸魔沼,,"[{""obj"":40082,""num"":1}]",2,107142,,,107147,4,,,,11200,59000,1,1,
300710,,2,7,5,100322,100322,4009,,精英猛兽洞穴,通关精英猛兽洞穴,通关精英猛兽洞穴,,"[{""obj"":40092,""num"":1}]",2,107143,,,107147,4,,,,11600,60500,1,1,
300711,,2,7,5,100322,100322,4010,,精英蛇穴外部,通关精英蛇穴外部,通关精英蛇穴外部,,"[{""obj"":40102,""num"":1}]",2,107144,,,107147,4,,,,12000,62000,1,1,
300712,,2,7,5,100322,100322,4011,,精英蛇穴内部,通关精英蛇穴内部,通关精英蛇穴内部,,"[{""obj"":40112,""num"":1}]",2,107145,,,107147,4,,,,12400,63500,1,1,
300713,,2,7,5,100322,100322,4012,,精英蛇穴祭坛,通关精英蛇穴祭坛,通关精英蛇穴祭坛,,"[{""obj"":40122,""num"":1}]",2,107146,,,107147,4,,,,12800,65000,1,1,
2110001,,3,0,29,,,2006,,,【困难】皇家陵墓获得三星评分,【困难】皇家陵墓获得三星评分,,"[{""obj"":20061,""num"":3}]",1,,,,,,"[{""id"":1300800001,""num"":50}]","[{""id"":1300800001,""num"":50}]","[{""id"":1300800001,""num"":50}]",,,1,1,
2110002,,3,0,29,,,2012,,,【困难】英雄王遗迹获得三星评分,【困难】英雄王遗迹得三星评分,,"[{""obj"":20121,""num"":3}]",1,,,,,,"[{""id"":1300800001,""num"":50}]","[{""id"":1300800001,""num"":50}]","[{""id"":1300800001,""num"":50}]",,,1,1,
2110003,,3,0,20,,,,,,通过【圣坛-召唤】任意召唤神灵30次,通过【圣坛-召唤】任意召唤神灵30次,,"[{""obj"":20,""num"":30}]",,,,,,,"[{""id"":1300800001,""num"":50}]","[{""id"":1300800001,""num"":50}]","[{""id"":1300800001,""num"":50}]",,,1,1,
2110004,,3,0,32,,,,,,进行神址探险累计20次,进行神址探险累计20次,,"[{""obj"":32,""num"":20}]",,,,,,,"[{""id"":1300800001,""num"":50}]","[{""id"":1300800001,""num"":50}]","[{""id"":1300800001,""num"":50}]",,,1,1,
2110005,,3,0,13,,,,,,通过【圣坛-召唤】获得橙色神灵一个,通过【圣坛-召唤】获得橙色神灵一个,,"[{""obj"":5,""num"":1}]",,,,,,,"[{""id"":1300800001,""num"":800}]","[{""id"":1300800001,""num"":800}]","[{""id"":1300800001,""num"":800}]",,,1,1,
2110006,,3,0,29,,,2006,,,【精英】皇家陵墓获得三星评分,【精英】皇家陵墓获得三星评分,,"[{""obj"":20062,""num"":3}]",2,,,,,,"[{""id"":1300800001,""num"":100}]","[{""id"":1300800001,""num"":100}]","[{""id"":1300800001,""num"":100}]",,,1,1,
2110007,,3,0,29,,,2012,,,【精英】英雄王遗迹获得三星评分,【精英】英雄王遗迹获得三星评分,,"[{""obj"":20122,""num"":3}]",2,,,,,,"[{""id"":1300800001,""num"":100}]","[{""id"":1300800001,""num"":100}]","[{""id"":1300800001,""num"":100}]",,,1,1,
2110008,,3,0,20,,,,,,通过【圣坛-召唤】任意召唤神灵60次,通过【圣坛-召唤】任意召唤神灵60次,,"[{""obj"":20,""num"":60}]",,,,,,,"[{""id"":1300800001,""num"":100}]","[{""id"":1300800001,""num"":100}]","[{""id"":1300800001,""num"":100}]",,,1,1,
2110009,,3,0,32,,,,,,进行神址探险累计40次,进行神址探险累计40次,,"[{""obj"":32,""num"":40}]",,,,,,,"[{""id"":1300800001,""num"":200}]","[{""id"":1300800001,""num"":200}]","[{""id"":1300800001,""num"":200}]",,,1,1,
2110010,,3,0,39,,,,,,将所有装备【铸造-解封】达到【觉醒】,将所有装备【铸造-解封】达到【觉醒】,,"[{""obj"":7,""num"":5}]",,,,,,,"[{""id"":1300800001,""num"":400}]","[{""id"":1300800001,""num"":400}]","[{""id"":1300800001,""num"":400}]",,,1,1,
2110011,,3,0,25,,,,,,排位赛进入前10名,排位赛进入前10名,,"[{""obj"":25,""num"":10}]",,,,,,,"[{""id"":1300800001,""num"":400}]","[{""id"":1300800001,""num"":400}]","[{""id"":1300800001,""num"":400}]",,,1,1,
2110012,,3,0,20,,,,,,通过【圣坛-召唤】任意召唤神灵90次,通过【圣坛-召唤】任意召唤神灵90次,,"[{""obj"":20,""num"":90}]",,,,,,,"[{""id"":1300800001,""num"":100}]","[{""id"":1300800001,""num"":100}]","[{""id"":1300800001,""num"":100}]",,,1,1,
2110013,,3,0,32,,,,,,进行神址探险累计60次,进行神址探险累计60次,,"[{""obj"":32,""num"":60}]",,,,,,,"[{""id"":1300800001,""num"":200}]","[{""id"":1300800001,""num"":200}]","[{""id"":1300800001,""num"":200}]",,,1,1,
2110014,,3,0,20,,,,,,通过【圣坛-召唤】任意召唤神灵150次,通过【圣坛-召唤】任意召唤神灵150次,,"[{""obj"":20,""num"":150}]",,,,,,,"[{""id"":1300800001,""num"":200}]","[{""id"":1300800001,""num"":200}]","[{""id"":1300800001,""num"":200}]",,,1,1,
2110015,,3,0,32,,,,,,进行神址探险累计100次,进行神址探险累计100次,,"[{""obj"":32,""num"":100}]",,,,,,,"[{""id"":1300800001,""num"":400}]","[{""id"":1300800001,""num"":400}]","[{""id"":1300800001,""num"":400}]",,,1,1,
2110016,,3,0,37,,,,,,所有装备通过【铸造-升星】到达20星级,所有装备通过【铸造-升星】到达20星级,,"[{""obj"":8,""num"":20}]",,,,,,,"[{""id"":1300800001,""num"":200}]","[{""id"":1300800001,""num"":200}]","[{""id"":1300800001,""num"":200}]",,,1,1,
2110017,,3,0,37,,,,,,所有装备通过【铸造-升星】到达25星级,所有装备通过【铸造-升星】到达25星级,,"[{""obj"":8,""num"":25}]",,,,,,,"[{""id"":1300800001,""num"":400}]","[{""id"":1300800001,""num"":400}]","[{""id"":1300800001,""num"":400}]",,,1,1,
2110018,,3,0,34,,,,,,通过【背包-衣柜】保存35级套装外观,通过【背包-衣柜】保存35级套装外观,,"[{""obj"":110004,""num"":1},{""obj"":120004,""num"":1},{""obj"":140004,""num"":1}]",,,,,,,"[{""id"":1300800001,""num"":800}]","[{""id"":1300800001,""num"":800}]","[{""id"":1300800001,""num"":800}]",,,1,1,
2120001,,3,0,20,,,,,,通过【圣坛-召唤】任意召唤神灵30次,通过【圣坛-召唤】任意召唤神灵30次,,"[{""obj"":20,""num"":30}]",,,,,,,"[{""id"":1300800001,""num"":50}]","[{""id"":1300800001,""num"":50}]","[{""id"":1300800001,""num"":50}]",,,1,1,
2120002,,3,0,32,,,,,,进行神址探险累计20次,进行神址探险累计20次,,"[{""obj"":32,""num"":20}]",,,,,,,"[{""id"":1300800001,""num"":50}]","[{""id"":1300800001,""num"":50}]","[{""id"":1300800001,""num"":50}]",,,1,1,
2120003,,3,0,13,,,,,,通过【圣坛-召唤】获得橙色神灵一个,通过【圣坛-召唤】获得橙色神灵一个,,"[{""obj"":5,""num"":1}]",,,,,,,"[{""id"":1300800001,""num"":800}]","[{""id"":1300800001,""num"":800}]","[{""id"":1300800001,""num"":800}]",,,1,1,
2120004,,3,0,20,,,,,,通过【圣坛-召唤】任意召唤神灵60次,通过【圣坛-召唤】任意召唤神灵60次,,"[{""obj"":20,""num"":60}]",,,,,,,"[{""id"":1300800001,""num"":100}]","[{""id"":1300800001,""num"":100}]","[{""id"":1300800001,""num"":100}]",,,1,1,
2120005,,3,0,32,,,,,,进行神址探险累计40次,进行神址探险累计40次,,"[{""obj"":32,""num"":40}]",,,,,,,"[{""id"":1300800001,""num"":200}]","[{""id"":1300800001,""num"":200}]","[{""id"":1300800001,""num"":200}]",,,1,1,
2120006,,3,0,39,,,,,,将所有装备【铸造-解封】达到【觉醒】,将所有装备【铸造-解封】达到【觉醒】,,"[{""obj"":7,""num"":5}]",,,,,,,"[{""id"":1300800001,""num"":400}]","[{""id"":1300800001,""num"":400}]","[{""id"":1300800001,""num"":400}]",,,1,1,
2120007,,3,0,20,,,,,,通过【圣坛-召唤】任意召唤神灵90次,通过【圣坛-召唤】任意召唤神灵90次,,"[{""obj"":20,""num"":90}]",,,,,,,"[{""id"":1300800001,""num"":100}]","[{""id"":1300800001,""num"":100}]","[{""id"":1300800001,""num"":100}]",,,1,1,
2120008,,3,0,32,,,,,,进行神址探险累计60次,进行神址探险累计60次,,"[{""obj"":32,""num"":60}]",,,,,,,"[{""id"":1300800001,""num"":200}]","[{""id"":1300800001,""num"":200}]","[{""id"":1300800001,""num"":200}]",,,1,1,
2120009,,3,0,20,,,,,,通过【圣坛-召唤】任意召唤神灵150次,通过【圣坛-召唤】任意召唤神灵150次,,"[{""obj"":20,""num"":150}]",,,,,,,"[{""id"":1300800001,""num"":200}]","[{""id"":1300800001,""num"":200}]","[{""id"":1300800001,""num"":200}]",,,1,1,
2120010,,3,0,32,,,,,,进行神址探险累计100次,进行神址探险累计100次,,"[{""obj"":32,""num"":100}]",,,,,,,"[{""id"":1300800001,""num"":400}]","[{""id"":1300800001,""num"":400}]","[{""id"":1300800001,""num"":400}]",,,1,1,
2120011,,3,0,25,,,,,,排位赛进入前100名,排位赛进入前100名,,"[{""obj"":25,""num"":100}]",,,,,,,"[{""id"":1300800001,""num"":100}]","[{""id"":1300800001,""num"":100}]","[{""id"":1300800001,""num"":100}]",,,1,1,
2120012,,3,0,25,,,,,,排位赛进入前50名,排位赛进入前50名,,"[{""obj"":25,""num"":50}]",,,,,,,"[{""id"":1300800001,""num"":200}]","[{""id"":1300800001,""num"":200}]","[{""id"":1300800001,""num"":200}]",,,1,1,
2120013,,3,0,25,,,,,,排位赛进入前10名,排位赛进入前10名,,"[{""obj"":25,""num"":10}]",,,,,,,"[{""id"":1300800001,""num"":400}]","[{""id"":1300800001,""num"":400}]","[{""id"":1300800001,""num"":400}]",,,1,1,
400001,,4,0,36,,,,,新手目标完成后获得,装备升星3次,装备升星3次,,"[{""obj"":36,""num"":3}]",,,,,,,"[{""id"":1300911012,""num"":1}]","[{""id"":1300911012,""num"":1}]","[{""id"":1300911012,""num"":1}]",,,1,1,
400002,,4,0,36,,,,,新手目标完成后获得,装备升星2次,装备升星2次,,"[{""obj"":36,""num"":2}]",,,,,,,"[{""id"":1300911013,""num"":1}]","[{""id"":1300911013,""num"":1}]","[{""id"":1300911013,""num"":1}]",,,1,1,
400003,,4,0,23,,,,,新手目标完成后获得,进行技能升级1次,进行技能升级1次,,"[{""obj"":23,""num"":1}]",,,,,,,"[{""id"":1300911012,""num"":1}]","[{""id"":1300911012,""num"":1}]","[{""id"":1300911012,""num"":1}]",,,1,1,
#400004,,4,0,5,,,2001,,新手目标完成后获得,通关城外荒漠（普通）,通关城外荒漠（普通）,,"[{""obj"":20010,""num"":3}]",,,,,,,"[{""id"":1300911013,""num"":1}]","[{""id"":1300911013,""num"":1}]","[{""id"":1300911013,""num"":1}]",,,1,1,
400005,,4,0,36,,,,,新手目标完成后获得,装备升星2次,装备升星2次,,"[{""obj"":36,""num"":2}]",,,,,,,"[{""id"":1300911012,""num"":1}]","[{""id"":1300911012,""num"":1}]","[{""id"":1300911012,""num"":1}]",,,1,1,
400006,,4,0,37,,,,,新手目标完成后获得,所有装备星级为1星,所有装备星级为1星,,"[{""obj"":8,""num"":1}]",,,,,,,"[{""id"":1300911014,""num"":1}]","[{""id"":1300911014,""num"":1}]","[{""id"":1300911014,""num"":1}]",,,1,1,
400007,,4,0,20,,,,,新手目标完成后获得,进行任意神灵召唤1次,进行任意神灵召唤1次,,"[{""obj"":20,""num"":1}]",,,,,,,"[{""id"":1300911012,""num"":1}]","[{""id"":1300911012,""num"":1}]","[{""id"":1300911012,""num"":1}]",,,1,1,
400008,,4,0,12,,,,,新手目标完成后获得,任意神灵融合到达5级,任意神灵融合到达5级,,"[{""obj"":12,""num"":5}]",,,,,,,"[{""id"":1300911013,""num"":1}]","[{""id"":1300911013,""num"":1}]","[{""id"":1300911013,""num"":1}]",,,1,1,
#400009,,4,0,5,,,2003,,新手目标完成后获得,通关荒芜古路（普通）,通关荒芜古路（普通）,,"[{""obj"":20030,""num"":2}]",,,,,,,"[{""id"":1300911013,""num"":1}]","[{""id"":1300911013,""num"":1}]","[{""id"":1300911013,""num"":1}]",,,1,1,
400010,,4,0,37,,,,,新手目标完成后获得,所有装备星级为3星,所有装备星级为3星,,"[{""obj"":8,""num"":3}]",,,,,,,"[{""id"":1300911014,""num"":1}]","[{""id"":1300911014,""num"":1}]","[{""id"":1300911014,""num"":1}]",,,1,1,
400011,,4,0,11,,,,,新手目标完成后获得,培训守护神等级到2级,培训守护神等级到2级,,"[{""obj"":11,""num"":2}]",,,,,,,"[{""id"":1300911012,""num"":1}]","[{""id"":1300911012,""num"":1}]","[{""id"":1300911012,""num"":1}]",,,1,1,
400012,,4,0,35,,,,,新手目标完成后获得,锻造任意装备2次,锻造任意装备2次,,"[{""obj"":35,""num"":2}]",,,,,,,"[{""id"":1300911012,""num"":1}]","[{""id"":1300911012,""num"":1}]","[{""id"":1300911012,""num"":1}]",,,1,1,
400013,,4,0,24,,,,,新手目标完成后获得,参与排位赛3次,参与排位赛3次,,"[{""obj"":24,""num"":3}]",,,,,,,"[{""id"":1300911012,""num"":1}]","[{""id"":1300911012,""num"":1}]","[{""id"":1300911012,""num"":1}]",,,1,1,
400014,,4,0,28,,,,,新手目标完成后获得,战功兑换防御宝石袋,战功兑换防御宝石袋,,"[{""obj"":2002,""num"":1}]",,,,,,,"[{""id"":1300911013,""num"":1}]","[{""id"":1300911013,""num"":1}]","[{""id"":1300911013,""num"":1}]",,,1,1,
400015,,4,0,32,,,,,新手目标完成后获得,神址探险2次,神址探险2次,,"[{""obj"":32,""num"":2}]",,,,,,,"[{""id"":1300911012,""num"":1}]","[{""id"":1300911012,""num"":1}]","[{""id"":1300911012,""num"":1}]",,,1,1,
400016,,4,0,37,,,,,新手目标完成后获得,所有装备星级为5星,所有装备星级为5星,,"[{""obj"":8,""num"":5}]",,,,,,,"[{""id"":1300911014,""num"":1}]","[{""id"":1300911014,""num"":1}]","[{""id"":1300911014,""num"":1}]",,,1,1,
400017,,4,0,26,,,,,新手目标完成后获得,领取排位赛500战功,领取排位赛500战功,,"[{""obj"":26,""num"":500}]",,,,,,,"[{""id"":1300911012,""num"":1}]","[{""id"":1300911012,""num"":1}]","[{""id"":1300911012,""num"":1}]",,,1,1,
400018,,4,0,28,,,,,新手目标完成后获得,战功兑换攻击宝石袋,战功兑换攻击宝石袋,,"[{""obj"":2001,""num"":2}]",,,,,,,"[{""id"":1300911013,""num"":1}]","[{""id"":1300911013,""num"":1}]","[{""id"":1300911013,""num"":1}]",,,1,1,
400019,,4,0,12,,,,,新手目标完成后获得,神灵融合到达7级,神灵融合到达7级,,"[{""obj"":12,""num"":7}]",,,,,,,"[{""id"":1300911013,""num"":1}]","[{""id"":1300911013,""num"":1}]","[{""id"":1300911013,""num"":1}]",,,1,1,
400020,,4,0,11,,,,,新手目标完成后获得,培训守护神等级到4级,培训守护神等级到4级,,"[{""obj"":11,""num"":4}]",,,,,,,"[{""id"":1300911013,""num"":1}]","[{""id"":1300911013,""num"":1}]","[{""id"":1300911013,""num"":1}]",,,1,1,
#400021,,4,0,5,,,2007,,新手目标完成后获得,通关乱葬荒野（普通）,通关乱葬荒野（普通）,,"[{""obj"":20070,""num"":3}]",,,,,,,"[{""id"":1300911013,""num"":1}]","[{""id"":1300911013,""num"":1}]","[{""id"":1300911013,""num"":1}]",,,1,1,
400022,,4,0,30,,,,,新手目标完成后获得,创建或加入任意联盟,创建或加入任意联盟,,"[{""obj"":30,""num"":1}]",,,,,,,"[{""id"":1300911013,""num"":1}]","[{""id"":1300911013,""num"":1}]","[{""id"":1300911013,""num"":1}]",,,1,1,
400023,,4,0,31,,,,,新手目标完成后获得,联盟捐献1000金币,联盟捐献1000金币,,"[{""obj"":1,""num"":1000}]",,,,,,,"[{""id"":1300911012,""num"":1}]","[{""id"":1300911012,""num"":1}]","[{""id"":1300911012,""num"":1}]",,,1,1,
400024,,4,0,34,,,,,新手目标完成后获得,激活15级套装,激活15级套装,,"[{""obj"":110002,""num"":1},{""obj"":120002,""num"":1},{""obj"":140002,""num"":1}]",,,,,,,"[{""id"":1300911014,""num"":1}]","[{""id"":1300911014,""num"":1}]","[{""id"":1300911014,""num"":1}]",,,1,1,
400025,,4,0,26,,,,,新手目标完成后获得,领取排位赛1000战功,领取排位赛1000战功,,"[{""obj"":26,""num"":1000}]",,,,,,,"[{""id"":1300911013,""num"":1}]","[{""id"":1300911013,""num"":1}]","[{""id"":1300911013,""num"":1}]",,,1,1,
400026,,4,0,11,,,,,新手目标完成后获得,培训守护神等级到10级,培训守护神等级到10级,,"[{""obj"":11,""num"":10}]",,,,,,,"[{""id"":1300911014,""num"":1}]","[{""id"":1300911014,""num"":1}]","[{""id"":1300911014,""num"":1}]",,,1,1,
400027,,4,0,19,,,,,新手目标完成后获得,挑战炼狱获胜2次,挑战炼狱获胜2次,,"[{""obj"":19,""num"":2}]",,,,,,,"[{""id"":1300911013,""num"":1}]","[{""id"":1300911013,""num"":1}]","[{""id"":1300911013,""num"":1}]",,,1,1,
400028,,4,0,22,,,,,新手目标完成后获得,合成2级宝石2个,合成2级宝石2个,,"[{""obj"":2,""num"":2}]",,,,,,,"[{""id"":1300911013,""num"":1}]","[{""id"":1300911013,""num"":1}]","[{""id"":1300911013,""num"":1}]",,,1,1,
400029,,4,0,22,,,,,新手目标完成后获得,合成3级宝石2个,合成3级宝石2个,,"[{""obj"":3,""num"":2}]",,,,,,,"[{""id"":1300911013,""num"":1}]","[{""id"":1300911013,""num"":1}]","[{""id"":1300911013,""num"":1}]",,,1,1,
400030,,4,0,18,,,,,新手目标完成后获得,挑战战魔神殿获胜1次,挑战战魔神殿获胜1次,,"[{""obj"":18,""num"":1}]",,,,,,,"[{""id"":1300911014,""num"":1}]","[{""id"":1300911014,""num"":1}]","[{""id"":1300911014,""num"":1}]",,,1,1,
400031,,4,0,17,,,,,新手目标完成后获得,挑战深渊巢穴获胜1次,挑战深渊巢穴获胜1次,,"[{""obj"":17,""num"":1}]",,,,,,,"[{""id"":1300911014,""num"":1}]","[{""id"":1300911014,""num"":1}]","[{""id"":1300911014,""num"":1}]",,,1,1,
400032,,4,0,34,,,,,新手目标完成后获得,激活25级套装,激活25级套装,,"[{""obj"":110003,""num"":1},{""obj"":120003,""num"":1},{""obj"":140003,""num"":1}]",,,,,,,"[{""id"":1300911014,""num"":1}]","[{""id"":1300911014,""num"":1}]","[{""id"":1300911014,""num"":1}]",,,1,1,
